[{"product_id":"P0001","store":"StoreD","weight":9.33,"length":73.05,"width":11.94,"days_since_last_sale":236,"days_in_stock":65,"price":12.0,"number_sold":40,"last_updated":1672531200000},{"product_id":"P0011","store":"StoreD","weight":9.35,"length":67.83,"width":76.94,"days_since_last_sale":284,"days_in_stock":496,"price":15.07,"number_sold":42,"last_updated":1673395200000},{"product_id":"P0015","store":"StoreD","weight":9.85,"length":67.73,"width":28.5,"days_since_last_sale":231,"days_in_stock":369,"price":13.11,"number_sold":30,"last_updated":1673740800000},{"product_id":"P0017","store":"StoreD","weight":1.33,"length":30.18,"width":68.33,"days_since_last_sale":23,"days_in_stock":909,"price":3.21,"number_sold":54,"last_updated":1673913600000},{"product_id":"P0020","store":"StoreD","weight":5.24,"length":96.95,"width":78.3,"days_since_last_sale":346,"days_in_stock":796,"price":9.94,"number_sold":65,"last_updated":1674172800000},{"product_id":"P0023","store":"StoreD","weight":0.64,"length":64.34,"width":5.86,"days_since_last_sale":287,"days_in_stock":99,"price":8.67,"number_sold":32,"last_updated":1674432000000},{"product_id":"P0029","store":"StoreD","weight":5.42,"length":66.17,"width":35.56,"days_since_last_sale":226,"days_in_stock":495,"price":10.36,"number_sold":32,"last_updated":1674950400000},{"product_id":"P0030","store":"StoreD","weight":9.21,"length":55.38,"width":85.56,"days_since_last_sale":319,"days_in_stock":457,"price":19.77,"number_sold":46,"last_updated":1675036800000},{"product_id":"P0032","store":"StoreD","weight":3.53,"length":97.01,"width":14.06,"days_since_last_sale":181,"days_in_stock":520,"price":10.72,"number_sold":35,"last_updated":1675209600000},{"product_id":"P0033","store":"StoreD","weight":7.4,"length":80.88,"width":45.73,"days_since_last_sale":361,"days_in_stock":917,"price":15.16,"number_sold":61,"last_updated":1675296000000},{"product_id":"P0041","store":"StoreD","weight":9.16,"length":17.17,"width":99.36,"days_since_last_sale":99,"days_in_stock":913,"price":19.52,"number_sold":40,"last_updated":1675987200000},{"product_id":"P0043","store":"StoreD","weight":5.85,"length":93.17,"width":77.3,"days_since_last_sale":14,"days_in_stock":20,"price":9.04,"number_sold":53,"last_updated":1676160000000},{"product_id":"P0050","store":"StoreD","weight":4.2,"length":27.87,"width":38.93,"days_since_last_sale":129,"days_in_stock":356,"price":11.48,"number_sold":35,"last_updated":1676764800000},{"product_id":"P0051","store":"StoreD","weight":0.94,"length":16.54,"width":79.82,"days_since_last_sale":83,"days_in_stock":54,"price":5.61,"number_sold":60,"last_updated":1676851200000},{"product_id":"P0052","store":"StoreD","weight":9.97,"length":23.76,"width":28.85,"days_since_last_sale":270,"days_in_stock":890,"price":15.17,"number_sold":31,"last_updated":1676937600000},{"product_id":"P0053","store":"StoreD","weight":5.07,"length":89.26,"width":58.59,"days_since_last_sale":243,"days_in_stock":793,"price":13.49,"number_sold":50,"last_updated":1677024000000},{"product_id":"P0057","store":"StoreD","weight":2.18,"length":86.83,"width":23.2,"days_since_last_sale":278,"days_in_stock":215,"price":5.85,"number_sold":45,"last_updated":1677369600000},{"product_id":"P0059","store":"StoreD","weight":2.13,"length":92.3,"width":14.67,"days_since_last_sale":89,"days_in_stock":458,"price":8.93,"number_sold":89,"last_updated":1677542400000},{"product_id":"P0062","store":"StoreD","weight":4.77,"length":48.75,"width":8.7,"days_since_last_sale":122,"days_in_stock":586,"price":6.8,"number_sold":52,"last_updated":1677801600000},{"product_id":"P0066","store":"StoreD","weight":4.59,"length":67.34,"width":31.84,"days_since_last_sale":273,"days_in_stock":754,"price":14.55,"number_sold":45,"last_updated":1678147200000},{"product_id":"P0069","store":"StoreD","weight":4.07,"length":98.54,"width":46.48,"days_since_last_sale":201,"days_in_stock":706,"price":14.86,"number_sold":47,"last_updated":1678406400000},{"product_id":"P0070","store":"StoreD","weight":5.64,"length":94.05,"width":60.11,"days_since_last_sale":190,"days_in_stock":544,"price":11.27,"number_sold":16,"last_updated":1678492800000},{"product_id":"P0078","store":"StoreD","weight":4.15,"length":84.87,"width":44.85,"days_since_last_sale":20,"days_in_stock":306,"price":14.12,"number_sold":44,"last_updated":1679184000000},{"product_id":"P0079","store":"StoreD","weight":0.35,"length":74.62,"width":79.13,"days_since_last_sale":170,"days_in_stock":909,"price":8.86,"number_sold":42,"last_updated":1679270400000},{"product_id":"P0080","store":"StoreD","weight":1.65,"length":56.51,"width":50.25,"days_since_last_sale":14,"days_in_stock":527,"price":11.93,"number_sold":44,"last_updated":1679356800000},{"product_id":"P0089","store":"StoreD","weight":8.02,"length":20.21,"width":11.56,"days_since_last_sale":68,"days_in_stock":166,"price":11.33,"number_sold":54,"last_updated":1680134400000},{"product_id":"P0101","store":"StoreD","weight":3.0,"length":63.52,"width":56.21,"days_since_last_sale":42,"days_in_stock":354,"price":6.44,"number_sold":15,"last_updated":1681171200000},{"product_id":"P0103","store":"StoreD","weight":0.23,"length":38.76,"width":45.4,"days_since_last_sale":225,"days_in_stock":926,"price":12.77,"number_sold":48,"last_updated":1681344000000},{"product_id":"P0108","store":"StoreD","weight":5.87,"length":8.35,"width":44.57,"days_since_last_sale":99,"days_in_stock":554,"price":13.93,"number_sold":27,"last_updated":1681776000000},{"product_id":"P0122","store":"StoreD","weight":9.49,"length":61.34,"width":85.6,"days_since_last_sale":282,"days_in_stock":509,"price":17.83,"number_sold":44,"last_updated":1682985600000},{"product_id":"P0126","store":"StoreD","weight":4.93,"length":5.31,"width":72.7,"days_since_last_sale":279,"days_in_stock":831,"price":12.0,"number_sold":78,"last_updated":1683331200000},{"product_id":"P0128","store":"StoreD","weight":8.02,"length":38.77,"width":22.25,"days_since_last_sale":289,"days_in_stock":843,"price":11.72,"number_sold":48,"last_updated":1683504000000},{"product_id":"P0133","store":"StoreD","weight":6.37,"length":66.02,"width":76.65,"days_since_last_sale":245,"days_in_stock":75,"price":10.9,"number_sold":40,"last_updated":1683936000000},{"product_id":"P0137","store":"StoreD","weight":9.85,"length":58.26,"width":12.45,"days_since_last_sale":43,"days_in_stock":568,"price":15.39,"number_sold":56,"last_updated":1684281600000},{"product_id":"P0143","store":"StoreD","weight":1.27,"length":52.33,"width":95.46,"days_since_last_sale":161,"days_in_stock":426,"price":19.11,"number_sold":55,"last_updated":1684800000000},{"product_id":"P0144","store":"StoreD","weight":5.81,"length":12.32,"width":9.03,"days_since_last_sale":233,"days_in_stock":681,"price":16.43,"number_sold":37,"last_updated":1684886400000},{"product_id":"P0145","store":"StoreD","weight":2.81,"length":10.56,"width":30.21,"days_since_last_sale":162,"days_in_stock":996,"price":10.31,"number_sold":0,"last_updated":1684972800000},{"product_id":"P0146","store":"StoreD","weight":5.59,"length":36.75,"width":62.15,"days_since_last_sale":115,"days_in_stock":23,"price":12.89,"number_sold":45,"last_updated":1685059200000},{"product_id":"P0147","store":"StoreD","weight":6.55,"length":79.57,"width":33.17,"days_since_last_sale":92,"days_in_stock":47,"price":11.31,"number_sold":22,"last_updated":1685145600000},{"product_id":"P0150","store":"StoreD","weight":0.21,"length":54.14,"width":14.74,"days_since_last_sale":209,"days_in_stock":834,"price":14.31,"number_sold":47,"last_updated":1685404800000},{"product_id":"P0157","store":"StoreD","weight":1.84,"length":61.83,"width":72.86,"days_since_last_sale":236,"days_in_stock":681,"price":11.36,"number_sold":35,"last_updated":1686009600000},{"product_id":"P0167","store":"StoreD","weight":2.53,"length":84.78,"width":36.88,"days_since_last_sale":174,"days_in_stock":112,"price":8.47,"number_sold":8,"last_updated":1686873600000},{"product_id":"P0170","store":"StoreD","weight":3.62,"length":60.84,"width":71.61,"days_since_last_sale":225,"days_in_stock":96,"price":11.77,"number_sold":54,"last_updated":1687132800000},{"product_id":"P0174","store":"StoreD","weight":4.81,"length":7.49,"width":52.14,"days_since_last_sale":189,"days_in_stock":156,"price":2.46,"number_sold":53,"last_updated":1687478400000},{"product_id":"P0175","store":"StoreD","weight":6.67,"length":7.3,"width":41.15,"days_since_last_sale":358,"days_in_stock":421,"price":17.33,"number_sold":18,"last_updated":1687564800000},{"product_id":"P0186","store":"StoreD","weight":null,"length":81.25,"width":27.32,"days_since_last_sale":363,"days_in_stock":270,"price":6.56,"number_sold":50,"last_updated":1688515200000},{"product_id":"P0193","store":"StoreD","weight":2.54,"length":46.5,"width":73.25,"days_since_last_sale":262,"days_in_stock":450,"price":14.71,"number_sold":62,"last_updated":1689120000000},{"product_id":"P0195","store":"StoreD","weight":8.01,"length":77.72,"width":22.03,"days_since_last_sale":289,"days_in_stock":253,"price":11.83,"number_sold":34,"last_updated":1689292800000},{"product_id":"P0200","store":"StoreD","weight":1.01,"length":67.41,"width":87.2,"days_since_last_sale":114,"days_in_stock":20,"price":13.54,"number_sold":16,"last_updated":1689724800000},{"product_id":"P0205","store":"StoreD","weight":1.93,"length":29.86,"width":68.91,"days_since_last_sale":233,"days_in_stock":310,"price":2.62,"number_sold":42,"last_updated":1690156800000},{"product_id":"P0209","store":"StoreD","weight":8.08,"length":30.84,"width":59.32,"days_since_last_sale":280,"days_in_stock":682,"price":16.08,"number_sold":10,"last_updated":1690502400000},{"product_id":"P0210","store":"StoreD","weight":null,"length":77.14,"width":84.12,"days_since_last_sale":38,"days_in_stock":186,"price":5.9,"number_sold":49,"last_updated":1690588800000},{"product_id":"P0212","store":"StoreD","weight":8.51,"length":78.79,"width":6.15,"days_since_last_sale":334,"days_in_stock":210,"price":20.55,"number_sold":43,"last_updated":1690761600000},{"product_id":"P0217","store":"StoreD","weight":9.45,"length":91.11,"width":34.14,"days_since_last_sale":190,"days_in_stock":19,"price":19.46,"number_sold":94,"last_updated":1691193600000},{"product_id":"P0218","store":"StoreD","weight":0.49,"length":18.23,"width":38.53,"days_since_last_sale":323,"days_in_stock":712,"price":5.67,"number_sold":39,"last_updated":1691280000000},{"product_id":"P0224","store":"StoreD","weight":0.44,"length":68.06,"width":79.46,"days_since_last_sale":205,"days_in_stock":236,"price":9.17,"number_sold":50,"last_updated":1691798400000},{"product_id":"P0230","store":"StoreD","weight":4.79,"length":29.71,"width":40.52,"days_since_last_sale":356,"days_in_stock":499,"price":21.8,"number_sold":29,"last_updated":1692316800000},{"product_id":"P0233","store":"StoreD","weight":3.26,"length":29.37,"width":68.79,"days_since_last_sale":203,"days_in_stock":862,"price":13.58,"number_sold":45,"last_updated":1692576000000},{"product_id":"P0234","store":"StoreD","weight":8.31,"length":67.15,"width":65.07,"days_since_last_sale":309,"days_in_stock":917,"price":20.0,"number_sold":34,"last_updated":1692662400000},{"product_id":"P0238","store":"StoreD","weight":1.29,"length":97.34,"width":14.63,"days_since_last_sale":220,"days_in_stock":139,"price":16.51,"number_sold":35,"last_updated":1693008000000},{"product_id":"P0247","store":"StoreD","weight":3.26,"length":54.72,"width":15.76,"days_since_last_sale":235,"days_in_stock":4,"price":12.59,"number_sold":11,"last_updated":1693785600000},{"product_id":"P0249","store":"StoreD","weight":8.87,"length":86.71,"width":75.1,"days_since_last_sale":199,"days_in_stock":684,"price":6.53,"number_sold":86,"last_updated":1693958400000},{"product_id":"P0252","store":"StoreD","weight":0.34,"length":72.24,"width":37.92,"days_since_last_sale":352,"days_in_stock":47,"price":10.0,"number_sold":63,"last_updated":1694217600000},{"product_id":"P0253","store":"StoreD","weight":8.71,"length":56.64,"width":42.77,"days_since_last_sale":110,"days_in_stock":94,"price":11.99,"number_sold":82,"last_updated":1694304000000},{"product_id":"P0265","store":"StoreD","weight":8.75,"length":10.92,"width":33.24,"days_since_last_sale":196,"days_in_stock":381,"price":11.74,"number_sold":41,"last_updated":1695340800000},{"product_id":"P0267","store":"StoreD","weight":7.71,"length":81.61,"width":61.91,"days_since_last_sale":263,"days_in_stock":516,"price":18.9,"number_sold":33,"last_updated":1695513600000},{"product_id":"P0270","store":"StoreD","weight":7.4,"length":79.7,"width":30.4,"days_since_last_sale":97,"days_in_stock":77,"price":8.41,"number_sold":37,"last_updated":1695772800000},{"product_id":"P0274","store":"StoreD","weight":2.94,"length":36.37,"width":69.22,"days_since_last_sale":198,"days_in_stock":614,"price":7.65,"number_sold":27,"last_updated":1696118400000},{"product_id":"P0284","store":"StoreD","weight":9.5,"length":78.34,"width":94.75,"days_since_last_sale":277,"days_in_stock":77,"price":14.37,"number_sold":46,"last_updated":1696982400000},{"product_id":"P0287","store":"StoreD","weight":4.23,"length":49.07,"width":24.25,"days_since_last_sale":7,"days_in_stock":540,"price":14.43,"number_sold":34,"last_updated":1697241600000},{"product_id":"P0290","store":"StoreD","weight":4.73,"length":52.29,"width":69.61,"days_since_last_sale":162,"days_in_stock":778,"price":16.52,"number_sold":11,"last_updated":1697500800000},{"product_id":"P0294","store":"StoreD","weight":2.39,"length":41.14,"width":29.04,"days_since_last_sale":135,"days_in_stock":570,"price":17.07,"number_sold":57,"last_updated":1697846400000},{"product_id":"P0295","store":"StoreD","weight":9.43,"length":78.68,"width":47.77,"days_since_last_sale":309,"days_in_stock":713,"price":11.47,"number_sold":30,"last_updated":1697932800000},{"product_id":"P0299","store":"StoreD","weight":2.38,"length":32.28,"width":22.91,"days_since_last_sale":33,"days_in_stock":368,"price":11.39,"number_sold":25,"last_updated":1698278400000},{"product_id":"P0306","store":"StoreD","weight":9.69,"length":55.64,"width":76.1,"days_since_last_sale":307,"days_in_stock":158,"price":23.42,"number_sold":57,"last_updated":1698883200000},{"product_id":"P0308","store":"StoreD","weight":9.28,"length":71.11,"width":46.23,"days_since_last_sale":8,"days_in_stock":653,"price":11.98,"number_sold":57,"last_updated":1699056000000},{"product_id":"P0335","store":"StoreD","weight":7.26,"length":20.41,"width":81.48,"days_since_last_sale":163,"days_in_stock":798,"price":15.5,"number_sold":63,"last_updated":1701388800000},{"product_id":"P0338","store":"StoreD","weight":2.28,"length":55.1,"width":56.7,"days_since_last_sale":217,"days_in_stock":527,"price":8.13,"number_sold":50,"last_updated":1701648000000},{"product_id":"P0340","store":"StoreD","weight":0.85,"length":89.57,"width":63.59,"days_since_last_sale":311,"days_in_stock":255,"price":11.01,"number_sold":0,"last_updated":1701820800000},{"product_id":"P0342","store":"StoreD","weight":5.0,"length":74.49,"width":75.1,"days_since_last_sale":55,"days_in_stock":510,"price":9.37,"number_sold":34,"last_updated":1701993600000},{"product_id":"P0344","store":"StoreD","weight":5.96,"length":86.53,"width":11.5,"days_since_last_sale":252,"days_in_stock":718,"price":22.13,"number_sold":0,"last_updated":1702166400000},{"product_id":"P0354","store":"StoreD","weight":8.69,"length":83.68,"width":48.16,"days_since_last_sale":307,"days_in_stock":64,"price":22.41,"number_sold":35,"last_updated":1703030400000},{"product_id":"P0357","store":"StoreD","weight":7.0,"length":72.64,"width":72.02,"days_since_last_sale":21,"days_in_stock":952,"price":14.88,"number_sold":65,"last_updated":1703289600000},{"product_id":"P0361","store":"StoreD","weight":1.67,"length":18.49,"width":93.95,"days_since_last_sale":92,"days_in_stock":587,"price":10.06,"number_sold":64,"last_updated":1703635200000},{"product_id":"P0362","store":"StoreD","weight":8.82,"length":38.05,"width":11.08,"days_since_last_sale":191,"days_in_stock":157,"price":9.11,"number_sold":45,"last_updated":1703721600000},{"product_id":"P0363","store":"StoreD","weight":8.73,"length":47.78,"width":83.35,"days_since_last_sale":102,"days_in_stock":735,"price":27.91,"number_sold":60,"last_updated":1703808000000},{"product_id":"P0365","store":"StoreD","weight":8.28,"length":66.86,"width":47.17,"days_since_last_sale":127,"days_in_stock":985,"price":15.36,"number_sold":19,"last_updated":1703980800000},{"product_id":"P0367","store":"StoreD","weight":3.42,"length":38.48,"width":33.6,"days_since_last_sale":230,"days_in_stock":950,"price":17.72,"number_sold":26,"last_updated":1704153600000},{"product_id":"P0369","store":"StoreD","weight":1.69,"length":49.77,"width":10.34,"days_since_last_sale":61,"days_in_stock":313,"price":14.27,"number_sold":48,"last_updated":1704326400000},{"product_id":"P0372","store":"StoreD","weight":5.12,"length":17.0,"width":15.01,"days_since_last_sale":231,"days_in_stock":662,"price":13.27,"number_sold":49,"last_updated":1704585600000},{"product_id":"P0377","store":"StoreD","weight":6.35,"length":21.61,"width":20.15,"days_since_last_sale":344,"days_in_stock":558,"price":11.0,"number_sold":33,"last_updated":1705017600000},{"product_id":"P0384","store":"StoreD","weight":5.46,"length":53.7,"width":70.09,"days_since_last_sale":283,"days_in_stock":61,"price":15.75,"number_sold":53,"last_updated":1705622400000},{"product_id":"P0399","store":"StoreD","weight":0.55,"length":15.54,"width":38.67,"days_since_last_sale":332,"days_in_stock":292,"price":14.45,"number_sold":30,"last_updated":1706918400000},{"product_id":"P0405","store":"StoreD","weight":7.61,"length":97.8,"width":57.57,"days_since_last_sale":362,"days_in_stock":10,"price":19.91,"number_sold":42,"last_updated":1707436800000},{"product_id":"P0408","store":"StoreD","weight":3.3,"length":8.99,"width":86.59,"days_since_last_sale":155,"days_in_stock":623,"price":4.28,"number_sold":64,"last_updated":1707696000000},{"product_id":"P0410","store":"StoreD","weight":7.73,"length":92.22,"width":84.6,"days_since_last_sale":344,"days_in_stock":731,"price":25.77,"number_sold":90,"last_updated":1707868800000},{"product_id":"P0414","store":"StoreD","weight":9.97,"length":91.52,"width":63.0,"days_since_last_sale":66,"days_in_stock":625,"price":21.23,"number_sold":38,"last_updated":1708214400000},{"product_id":"P0420","store":"StoreD","weight":2.29,"length":33.95,"width":16.17,"days_since_last_sale":85,"days_in_stock":349,"price":12.84,"number_sold":0,"last_updated":1708732800000},{"product_id":"P0422","store":"StoreD","weight":6.84,"length":31.74,"width":5.19,"days_since_last_sale":90,"days_in_stock":483,"price":14.33,"number_sold":62,"last_updated":1708905600000},{"product_id":"P0430","store":"StoreD","weight":6.42,"length":49.53,"width":89.63,"days_since_last_sale":135,"days_in_stock":643,"price":19.4,"number_sold":59,"last_updated":1709596800000},{"product_id":"P0433","store":"StoreD","weight":9.84,"length":33.24,"width":15.01,"days_since_last_sale":122,"days_in_stock":41,"price":11.73,"number_sold":37,"last_updated":1709856000000},{"product_id":"P0435","store":"StoreD","weight":8.95,"length":75.6,"width":54.33,"days_since_last_sale":113,"days_in_stock":922,"price":18.95,"number_sold":62,"last_updated":1710028800000},{"product_id":"P0436","store":"StoreD","weight":2.38,"length":9.57,"width":62.74,"days_since_last_sale":19,"days_in_stock":642,"price":13.55,"number_sold":0,"last_updated":1710115200000},{"product_id":"P0439","store":"StoreD","weight":6.55,"length":68.44,"width":42.15,"days_since_last_sale":207,"days_in_stock":763,"price":14.88,"number_sold":68,"last_updated":1710374400000},{"product_id":"P0446","store":"StoreD","weight":7.79,"length":8.29,"width":45.75,"days_since_last_sale":99,"days_in_stock":819,"price":21.27,"number_sold":18,"last_updated":1710979200000},{"product_id":"P0452","store":"StoreD","weight":0.42,"length":83.98,"width":44.14,"days_since_last_sale":175,"days_in_stock":705,"price":8.89,"number_sold":12,"last_updated":1711497600000},{"product_id":"P0455","store":"StoreD","weight":7.99,"length":13.92,"width":55.59,"days_since_last_sale":102,"days_in_stock":51,"price":12.58,"number_sold":42,"last_updated":1711756800000},{"product_id":"P0470","store":"StoreD","weight":0.82,"length":64.97,"width":11.56,"days_since_last_sale":95,"days_in_stock":640,"price":5.86,"number_sold":39,"last_updated":1713052800000},{"product_id":"P0477","store":"StoreD","weight":7.82,"length":51.33,"width":73.73,"days_since_last_sale":91,"days_in_stock":971,"price":20.13,"number_sold":79,"last_updated":1713657600000},{"product_id":"P0482","store":"StoreD","weight":9.87,"length":53.1,"width":51.08,"days_since_last_sale":313,"days_in_stock":492,"price":24.26,"number_sold":38,"last_updated":1714089600000},{"product_id":"P0489","store":"StoreD","weight":3.33,"length":18.3,"width":49.3,"days_since_last_sale":275,"days_in_stock":793,"price":8.63,"number_sold":20,"last_updated":1714694400000},{"product_id":"P0493","store":"StoreD","weight":0.43,"length":50.79,"width":90.67,"days_since_last_sale":292,"days_in_stock":126,"price":13.11,"number_sold":46,"last_updated":1715040000000},{"product_id":"P0501","store":"StoreD","weight":1.76,"length":25.81,"width":66.59,"days_since_last_sale":53,"days_in_stock":689,"price":21.78,"number_sold":9,"last_updated":1715731200000},{"product_id":"P0507","store":"StoreD","weight":0.61,"length":53.7,"width":58.11,"days_since_last_sale":45,"days_in_stock":840,"price":6.25,"number_sold":49,"last_updated":1716249600000},{"product_id":"P0508","store":"StoreD","weight":5.46,"length":32.88,"width":35.51,"days_since_last_sale":311,"days_in_stock":837,"price":14.1,"number_sold":32,"last_updated":1716336000000},{"product_id":"P0512","store":"StoreD","weight":8.04,"length":63.62,"width":11.53,"days_since_last_sale":130,"days_in_stock":147,"price":11.67,"number_sold":72,"last_updated":1716681600000},{"product_id":"P0514","store":"StoreD","weight":8.17,"length":37.8,"width":49.1,"days_since_last_sale":112,"days_in_stock":521,"price":11.45,"number_sold":34,"last_updated":1716854400000},{"product_id":"P0515","store":"StoreD","weight":0.89,"length":53.2,"width":73.66,"days_since_last_sale":43,"days_in_stock":630,"price":8.89,"number_sold":26,"last_updated":1716940800000},{"product_id":"P0521","store":"StoreD","weight":5.31,"length":31.1,"width":50.98,"days_since_last_sale":354,"days_in_stock":14,"price":15.79,"number_sold":33,"last_updated":1717459200000},{"product_id":"P0523","store":"StoreD","weight":0.91,"length":45.07,"width":81.43,"days_since_last_sale":44,"days_in_stock":346,"price":5.33,"number_sold":49,"last_updated":1717632000000},{"product_id":"P0526","store":"StoreD","weight":1.68,"length":72.83,"width":11.31,"days_since_last_sale":317,"days_in_stock":400,"price":8.33,"number_sold":60,"last_updated":1717891200000},{"product_id":"P0540","store":"StoreD","weight":6.54,"length":41.46,"width":76.25,"days_since_last_sale":231,"days_in_stock":418,"price":21.21,"number_sold":46,"last_updated":1719100800000},{"product_id":"P0544","store":"StoreD","weight":0.4,"length":44.8,"width":67.14,"days_since_last_sale":39,"days_in_stock":355,"price":7.8,"number_sold":47,"last_updated":1719446400000},{"product_id":"P0560","store":"StoreD","weight":8.75,"length":16.45,"width":12.31,"days_since_last_sale":236,"days_in_stock":736,"price":10.02,"number_sold":7,"last_updated":1720828800000},{"product_id":"P0564","store":"StoreD","weight":5.96,"length":18.5,"width":67.65,"days_since_last_sale":128,"days_in_stock":849,"price":10.91,"number_sold":54,"last_updated":1721174400000},{"product_id":"P0565","store":"StoreD","weight":9.13,"length":6.11,"width":80.64,"days_since_last_sale":48,"days_in_stock":103,"price":12.93,"number_sold":39,"last_updated":1721260800000},{"product_id":"P0566","store":"StoreD","weight":2.19,"length":45.09,"width":30.83,"days_since_last_sale":163,"days_in_stock":215,"price":16.65,"number_sold":12,"last_updated":1721347200000},{"product_id":"P0569","store":"StoreD","weight":7.36,"length":59.83,"width":94.21,"days_since_last_sale":115,"days_in_stock":884,"price":18.41,"number_sold":33,"last_updated":1721606400000},{"product_id":"P0578","store":"StoreD","weight":4.97,"length":45.84,"width":67.89,"days_since_last_sale":326,"days_in_stock":11,"price":10.96,"number_sold":27,"last_updated":1722384000000},{"product_id":"P0580","store":"StoreD","weight":8.72,"length":31.16,"width":78.91,"days_since_last_sale":279,"days_in_stock":726,"price":17.0,"number_sold":40,"last_updated":1722556800000},{"product_id":"P0581","store":"StoreD","weight":4.51,"length":34.1,"width":77.28,"days_since_last_sale":10,"days_in_stock":15,"price":13.01,"number_sold":34,"last_updated":1722643200000},{"product_id":"P0587","store":"StoreD","weight":9.7,"length":92.08,"width":7.96,"days_since_last_sale":140,"days_in_stock":52,"price":15.58,"number_sold":15,"last_updated":1723161600000},{"product_id":"P0589","store":"StoreD","weight":6.6,"length":35.29,"width":8.2,"days_since_last_sale":82,"days_in_stock":28,"price":12.99,"number_sold":77,"last_updated":1723334400000},{"product_id":"P0595","store":"StoreD","weight":2.44,"length":40.58,"width":35.69,"days_since_last_sale":330,"days_in_stock":831,"price":20.38,"number_sold":22,"last_updated":1723852800000},{"product_id":"P0602","store":"StoreD","weight":2.56,"length":7.42,"width":85.26,"days_since_last_sale":312,"days_in_stock":743,"price":14.61,"number_sold":5,"last_updated":1724457600000},{"product_id":"P0604","store":"StoreD","weight":7.1,"length":65.51,"width":59.79,"days_since_last_sale":33,"days_in_stock":582,"price":11.08,"number_sold":41,"last_updated":1724630400000},{"product_id":"P0607","store":"StoreD","weight":0.46,"length":43.91,"width":99.89,"days_since_last_sale":330,"days_in_stock":53,"price":1.0,"number_sold":69,"last_updated":1724889600000},{"product_id":"P0617","store":"StoreD","weight":2.77,"length":51.13,"width":7.13,"days_since_last_sale":76,"days_in_stock":58,"price":19.79,"number_sold":26,"last_updated":1725753600000},{"product_id":"P0619","store":"StoreD","weight":5.36,"length":53.02,"width":79.46,"days_since_last_sale":296,"days_in_stock":266,"price":16.48,"number_sold":93,"last_updated":1725926400000},{"product_id":"P0620","store":"StoreD","weight":9.37,"length":96.58,"width":58.79,"days_since_last_sale":202,"days_in_stock":522,"price":14.98,"number_sold":26,"last_updated":1726012800000},{"product_id":"P0623","store":"StoreD","weight":4.58,"length":7.94,"width":27.04,"days_since_last_sale":70,"days_in_stock":295,"price":15.93,"number_sold":67,"last_updated":1726272000000},{"product_id":"P0624","store":"StoreD","weight":9.35,"length":41.86,"width":6.37,"days_since_last_sale":102,"days_in_stock":668,"price":18.91,"number_sold":68,"last_updated":1726358400000},{"product_id":"P0627","store":"StoreD","weight":0.51,"length":76.84,"width":77.42,"days_since_last_sale":156,"days_in_stock":631,"price":1.0,"number_sold":55,"last_updated":1726617600000},{"product_id":"P0629","store":"StoreD","weight":9.87,"length":32.48,"width":84.53,"days_since_last_sale":358,"days_in_stock":754,"price":12.8,"number_sold":13,"last_updated":1726790400000},{"product_id":"P0630","store":"StoreD","weight":9.65,"length":90.51,"width":63.85,"days_since_last_sale":193,"days_in_stock":299,"price":17.59,"number_sold":83,"last_updated":1726876800000},{"product_id":"P0633","store":"StoreD","weight":6.43,"length":34.83,"width":87.12,"days_since_last_sale":185,"days_in_stock":820,"price":14.91,"number_sold":12,"last_updated":1727136000000},{"product_id":"P0639","store":"StoreD","weight":1.48,"length":96.31,"width":72.2,"days_since_last_sale":91,"days_in_stock":393,"price":8.29,"number_sold":47,"last_updated":1727654400000},{"product_id":"P0641","store":"StoreD","weight":3.15,"length":41.62,"width":26.74,"days_since_last_sale":152,"days_in_stock":874,"price":15.27,"number_sold":22,"last_updated":1727827200000},{"product_id":"P0674","store":"StoreD","weight":7.85,"length":56.59,"width":21.12,"days_since_last_sale":160,"days_in_stock":747,"price":13.45,"number_sold":44,"last_updated":1730678400000},{"product_id":"P0693","store":"StoreD","weight":3.95,"length":60.93,"width":8.02,"days_since_last_sale":85,"days_in_stock":163,"price":20.98,"number_sold":36,"last_updated":1732320000000},{"product_id":"P0697","store":"StoreD","weight":2.35,"length":77.37,"width":88.69,"days_since_last_sale":45,"days_in_stock":774,"price":8.05,"number_sold":62,"last_updated":1732665600000},{"product_id":"P0704","store":"StoreD","weight":8.65,"length":43.72,"width":75.06,"days_since_last_sale":333,"days_in_stock":83,"price":14.9,"number_sold":0,"last_updated":1733270400000},{"product_id":"P0706","store":"StoreD","weight":4.84,"length":77.63,"width":81.25,"days_since_last_sale":322,"days_in_stock":412,"price":6.39,"number_sold":64,"last_updated":1733443200000},{"product_id":"P0716","store":"StoreD","weight":7.21,"length":88.93,"width":11.37,"days_since_last_sale":295,"days_in_stock":382,"price":11.17,"number_sold":38,"last_updated":1734307200000},{"product_id":"P0724","store":"StoreD","weight":9.28,"length":73.66,"width":25.03,"days_since_last_sale":120,"days_in_stock":934,"price":11.32,"number_sold":43,"last_updated":1734998400000},{"product_id":"P0727","store":"StoreD","weight":3.58,"length":33.44,"width":30.51,"days_since_last_sale":329,"days_in_stock":604,"price":6.78,"number_sold":24,"last_updated":1735257600000},{"product_id":"P0733","store":"StoreD","weight":8.05,"length":5.84,"width":96.94,"days_since_last_sale":154,"days_in_stock":309,"price":3.97,"number_sold":48,"last_updated":1735776000000},{"product_id":"P0738","store":"StoreD","weight":2.8,"length":6.36,"width":33.44,"days_since_last_sale":133,"days_in_stock":860,"price":10.3,"number_sold":19,"last_updated":1736208000000},{"product_id":"P0739","store":"StoreD","weight":4.19,"length":75.1,"width":27.09,"days_since_last_sale":320,"days_in_stock":186,"price":18.33,"number_sold":56,"last_updated":1736294400000},{"product_id":"P0751","store":"StoreD","weight":8.08,"length":12.38,"width":12.86,"days_since_last_sale":252,"days_in_stock":280,"price":12.14,"number_sold":15,"last_updated":1737331200000},{"product_id":"P0752","store":"StoreD","weight":5.55,"length":43.72,"width":51.03,"days_since_last_sale":245,"days_in_stock":538,"price":8.69,"number_sold":19,"last_updated":1737417600000},{"product_id":"P0766","store":"StoreD","weight":2.45,"length":72.17,"width":83.13,"days_since_last_sale":51,"days_in_stock":349,"price":15.29,"number_sold":25,"last_updated":1738627200000},{"product_id":"P0773","store":"StoreD","weight":6.28,"length":81.33,"width":78.82,"days_since_last_sale":151,"days_in_stock":770,"price":16.61,"number_sold":18,"last_updated":1739232000000},{"product_id":"P0788","store":"StoreD","weight":5.02,"length":47.69,"width":86.68,"days_since_last_sale":318,"days_in_stock":899,"price":7.53,"number_sold":58,"last_updated":1740528000000},{"product_id":"P0793","store":"StoreD","weight":4.34,"length":27.98,"width":16.97,"days_since_last_sale":91,"days_in_stock":819,"price":16.9,"number_sold":4,"last_updated":1740960000000},{"product_id":"P0795","store":"StoreD","weight":6.96,"length":83.14,"width":95.39,"days_since_last_sale":302,"days_in_stock":520,"price":9.97,"number_sold":63,"last_updated":1741132800000},{"product_id":"P0803","store":"StoreD","weight":0.95,"length":32.01,"width":40.36,"days_since_last_sale":359,"days_in_stock":650,"price":14.94,"number_sold":18,"last_updated":1741824000000},{"product_id":"P0811","store":"StoreD","weight":0.77,"length":9.45,"width":83.44,"days_since_last_sale":64,"days_in_stock":887,"price":15.68,"number_sold":18,"last_updated":1742515200000},{"product_id":"P0816","store":"StoreD","weight":6.54,"length":5.36,"width":18.59,"days_since_last_sale":60,"days_in_stock":692,"price":12.91,"number_sold":36,"last_updated":1742947200000},{"product_id":"P0820","store":"StoreD","weight":6.73,"length":14.68,"width":13.27,"days_since_last_sale":277,"days_in_stock":482,"price":15.87,"number_sold":40,"last_updated":1743292800000},{"product_id":"P0822","store":"StoreD","weight":6.65,"length":30.69,"width":85.29,"days_since_last_sale":128,"days_in_stock":560,"price":11.82,"number_sold":60,"last_updated":1743465600000},{"product_id":"P0828","store":"StoreD","weight":9.58,"length":91.44,"width":88.04,"days_since_last_sale":202,"days_in_stock":868,"price":15.19,"number_sold":81,"last_updated":1743984000000},{"product_id":"P0831","store":"StoreD","weight":2.09,"length":13.48,"width":5.06,"days_since_last_sale":310,"days_in_stock":325,"price":10.85,"number_sold":30,"last_updated":1744243200000},{"product_id":"P0836","store":"StoreD","weight":3.54,"length":71.87,"width":19.44,"days_since_last_sale":25,"days_in_stock":987,"price":23.56,"number_sold":55,"last_updated":1744675200000},{"product_id":"P0847","store":"StoreD","weight":5.26,"length":79.27,"width":49.47,"days_since_last_sale":185,"days_in_stock":860,"price":18.72,"number_sold":31,"last_updated":1745625600000},{"product_id":"P0853","store":"StoreD","weight":7.84,"length":46.11,"width":61.71,"days_since_last_sale":186,"days_in_stock":625,"price":18.14,"number_sold":57,"last_updated":1746144000000},{"product_id":"P0855","store":"StoreD","weight":0.46,"length":24.84,"width":78.1,"days_since_last_sale":41,"days_in_stock":504,"price":3.03,"number_sold":7,"last_updated":1746316800000},{"product_id":"P0856","store":"StoreD","weight":3.1,"length":40.03,"width":42.8,"days_since_last_sale":349,"days_in_stock":274,"price":6.31,"number_sold":41,"last_updated":1746403200000},{"product_id":"P0858","store":"StoreD","weight":3.67,"length":9.97,"width":21.22,"days_since_last_sale":25,"days_in_stock":208,"price":12.72,"number_sold":29,"last_updated":1746576000000},{"product_id":"P0867","store":"StoreD","weight":9.2,"length":25.5,"width":9.77,"days_since_last_sale":307,"days_in_stock":668,"price":17.16,"number_sold":41,"last_updated":1747353600000},{"product_id":"P0870","store":"StoreD","weight":8.53,"length":33.05,"width":46.63,"days_since_last_sale":289,"days_in_stock":899,"price":2.76,"number_sold":54,"last_updated":1747612800000},{"product_id":"P0872","store":"StoreD","weight":9.31,"length":66.91,"width":20.26,"days_since_last_sale":48,"days_in_stock":951,"price":15.85,"number_sold":61,"last_updated":1747785600000},{"product_id":"P0874","store":"StoreD","weight":8.19,"length":34.98,"width":47.66,"days_since_last_sale":72,"days_in_stock":442,"price":12.1,"number_sold":61,"last_updated":1747958400000},{"product_id":"P0876","store":"StoreD","weight":8.79,"length":42.54,"width":9.71,"days_since_last_sale":52,"days_in_stock":911,"price":9.05,"number_sold":40,"last_updated":1748131200000},{"product_id":"P0881","store":"StoreD","weight":0.9,"length":39.94,"width":21.48,"days_since_last_sale":149,"days_in_stock":711,"price":14.94,"number_sold":47,"last_updated":1748563200000},{"product_id":"P0890","store":"StoreD","weight":8.63,"length":6.84,"width":58.75,"days_since_last_sale":47,"days_in_stock":167,"price":10.36,"number_sold":0,"last_updated":1749340800000},{"product_id":"P0894","store":"StoreD","weight":7.67,"length":43.41,"width":6.82,"days_since_last_sale":271,"days_in_stock":65,"price":17.85,"number_sold":20,"last_updated":1749686400000},{"product_id":"P0904","store":"StoreD","weight":5.54,"length":78.43,"width":30.22,"days_since_last_sale":327,"days_in_stock":395,"price":13.45,"number_sold":72,"last_updated":1750550400000},{"product_id":"P0905","store":"StoreD","weight":9.66,"length":54.52,"width":63.09,"days_since_last_sale":160,"days_in_stock":74,"price":13.32,"number_sold":80,"last_updated":1750636800000},{"product_id":"P0911","store":"StoreD","weight":6.44,"length":16.42,"width":75.21,"days_since_last_sale":81,"days_in_stock":623,"price":14.5,"number_sold":45,"last_updated":1751155200000},{"product_id":"P0915","store":"StoreD","weight":1.61,"length":78.45,"width":5.98,"days_since_last_sale":36,"days_in_stock":141,"price":9.67,"number_sold":36,"last_updated":1751500800000},{"product_id":"P0920","store":"StoreD","weight":9.95,"length":33.48,"width":34.63,"days_since_last_sale":343,"days_in_stock":385,"price":14.84,"number_sold":37,"last_updated":1751932800000},{"product_id":"P0928","store":"StoreD","weight":1.1,"length":48.51,"width":22.64,"days_since_last_sale":124,"days_in_stock":805,"price":15.9,"number_sold":59,"last_updated":1752624000000},{"product_id":"P0948","store":"StoreD","weight":0.21,"length":18.38,"width":10.28,"days_since_last_sale":59,"days_in_stock":926,"price":5.18,"number_sold":39,"last_updated":1754352000000},{"product_id":"P0951","store":"StoreD","weight":0.29,"length":59.94,"width":68.03,"days_since_last_sale":306,"days_in_stock":397,"price":18.06,"number_sold":48,"last_updated":1754611200000},{"product_id":"P0953","store":"StoreD","weight":7.63,"length":82.06,"width":43.23,"days_since_last_sale":69,"days_in_stock":577,"price":6.6,"number_sold":54,"last_updated":1754784000000},{"product_id":"P0961","store":"StoreD","weight":null,"length":49.65,"width":22.54,"days_since_last_sale":244,"days_in_stock":988,"price":6.28,"number_sold":72,"last_updated":1755475200000},{"product_id":"P0969","store":"StoreD","weight":1.59,"length":17.76,"width":51.82,"days_since_last_sale":195,"days_in_stock":48,"price":5.8,"number_sold":32,"last_updated":1756166400000},{"product_id":"P0971","store":"StoreD","weight":7.4,"length":55.32,"width":61.63,"days_since_last_sale":203,"days_in_stock":433,"price":9.28,"number_sold":53,"last_updated":1756339200000},{"product_id":"P0975","store":"StoreD","weight":4.65,"length":12.24,"width":56.94,"days_since_last_sale":100,"days_in_stock":268,"price":12.21,"number_sold":55,"last_updated":1756684800000},{"product_id":"P0976","store":"StoreD","weight":7.87,"length":31.1,"width":90.73,"days_since_last_sale":28,"days_in_stock":69,"price":9.79,"number_sold":76,"last_updated":1756771200000},{"product_id":"P0982","store":"StoreD","weight":4.43,"length":20.75,"width":58.83,"days_since_last_sale":256,"days_in_stock":257,"price":9.67,"number_sold":34,"last_updated":1757289600000},{"product_id":"P0983","store":"StoreD","weight":2.62,"length":47.33,"width":67.42,"days_since_last_sale":294,"days_in_stock":672,"price":6.9,"number_sold":30,"last_updated":1757376000000},{"product_id":"P0988","store":"StoreD","weight":6.41,"length":80.35,"width":83.52,"days_since_last_sale":316,"days_in_stock":659,"price":11.0,"number_sold":72,"last_updated":1757808000000},{"product_id":"P0993","store":"StoreD","weight":0.76,"length":95.39,"width":16.28,"days_since_last_sale":109,"days_in_stock":841,"price":11.28,"number_sold":78,"last_updated":1758240000000},{"product_id":"P0999","store":"StoreD","weight":0.51,"length":46.51,"width":8.08,"days_since_last_sale":181,"days_in_stock":573,"price":4.04,"number_sold":36,"last_updated":1758758400000}]