product_id,store,weight,length,width,height,rating,num_reviews,days_since_last_sale,volume,days_in_stock,price,number_sold,last_updated
P0001,StoreD,9.33,73.05,11.94,55.57,1,897,236,48469.09869,65,12.0,40,2023-01-01
P0002,StoreE,5.69,11.85,64.12,14.81,3,209,25,11252.96382,333,13.9,66,2023-01-02
P0003,StoreC,7.0,11.77,98.21,21.39,3,125,120,24725.379062999997,513,17.85,28,2023-01-03
P0004,StoreE,9.23,6.15,23.06,58.96,1,491,181,8361.648239999999,133,9.67,46,2023-01-04
P0005,StoreE,7.1,95.87,80.3,33.15,4,508,198,255200.66715,592,1.11,133,2023-01-05
P0006,StoreB,1.61,75.06,91.25,94.14,2,959,301,644786.0415,783,8.26,220,2023-01-06
P0007,StoreC,5.81,38.56,94.65,82.78,3,969,254,302122.4971200001,753,11.94,26,2023-01-07
P0008,StoreC,6.11,33.17,96.21,98.44,2,580,121,314150.164308,540,7.24,34,2023-01-08
P0009,StoreC,4.3,38.22,54.54,29.67,5,776,30,61847.672796,735,8.37,17,2023-01-09
P0010,StoreE,7.39,78.59,97.84,97.12,1,257,314,746779.532672,535,18.03,138,2023-01-10
P0011,StoreD,9.35,67.83,76.94,45.97,4,929,284,239910.083994,496,15.07,42,2023-01-11
P0012,StoreC,9.26,22.59,20.36,38.01,5,187,105,17482.030523999998,621,16.36,9,2023-01-12
P0013,StoreE,4.56,21.54,50.31,9.78,5,229,223,10598.364972,619,10.5,77,2023-01-13
P0014,StoreB,1.22,14.35,73.24,10.01,5,188,272,10520.449939999999,657,6.84,71,2023-01-14
P0015,StoreD,9.85,67.73,28.5,70.74,1,414,231,136549.7757,369,13.11,30,2023-01-15
P0016,StoreB,8.41,77.62,65.86,48.5,3,9,255,247934.58020000003,866,16.7,119,2023-01-16
P0017,StoreD,1.33,30.18,68.33,26.52,1,113,23,54689.528088,909,3.21,54,2023-01-17
P0018,StoreE,9.22,6.99,20.46,63.33,3,75,108,9057.165282,910,22.86,55,2023-01-18
P0019,StoreA,8.71,12.81,58.68,29.02,5,675,190,21814.067016,651,17.23,214,2023-01-19
P0020,StoreD,5.24,96.95,78.3,59.88,5,501,346,454560.15780000004,796,9.94,65,2023-01-20
P0021,StoreB,5.95,33.07,52.4,39.12,4,84,24,67789.79616,810,17.04,126,2023-01-21
P0022,StoreE,4.05,78.08,6.15,83.24,3,48,186,39971.18208,992,18.14,55,2023-01-22
P0023,StoreD,0.64,64.34,5.86,82.97,5,494,287,31282.378228000005,99,8.67,32,2023-01-23
P0024,StoreA,3.42,41.28,38.92,50.35,2,837,115,80893.19616,317,10.63,188,2023-01-24
P0025,StoreA,8.05,24.54,92.99,38.33,4,688,337,87468.08641799999,123,21.49,176,2023-01-25
P0026,StoreC,0.15,16.53,26.72,39.44,1,386,36,17419.922304,320,20.67,0,2023-01-26
P0027,StoreC,3.4,63.43,65.26,81.54,4,969,281,337530.08437200007,799,11.85,15,2023-01-27
P0028,StoreB,4.04,78.59,26.1,36.18,2,388,136,74212.37982,593,6.23,94,2023-01-28
P0029,StoreD,5.42,66.17,35.56,24.86,3,217,226,58495.709272,495,10.36,32,2023-01-29
P0030,StoreD,9.21,55.38,85.56,13.05,1,700,319,61834.98204000001,457,19.77,46,2023-01-30
P0031,StoreC,3.53,8.99,74.24,49.34,1,980,327,32930.384384000005,522,6.61,31,2023-01-31
P0032,StoreD,3.53,97.01,14.06,50.8,3,345,181,69289.19848,520,10.72,35,2023-02-01
P0033,StoreD,7.4,80.88,45.73,84.89,4,229,361,313977.75333599997,917,15.16,61,2023-02-02
P0034,StoreA,4.58,32.82,7.77,26.02,5,254,85,6635.3966279999995,717,7.68,169,2023-02-03
P0035,StoreC,2.32,98.1,50.68,41.19,4,235,52,204784.65251999997,315,16.64,6,2023-02-04
P0036,StoreE,4.58,62.18,67.93,81.8,2,25,347,345513.98932000005,946,15.76,78,2023-02-05
P0037,StoreC,1.49,60.33,16.26,83.24,5,583,354,81655.593192,709,20.79,44,2023-02-06
P0038,StoreE,1.85,76.07,32.44,41.54,4,260,234,102508.70663199997,710,14.83,78,2023-02-07
P0039,StoreA,5.03,82.12,42.79,48.62,3,765,266,170846.537576,542,7.71,193,2023-02-08
P0040,StoreB,4.25,67.37,92.36,33.81,2,270,286,210375.733092,479,14.78,137,2023-02-09
P0041,StoreD,9.16,17.17,99.36,93.59,2,122,99,159665.58820800003,913,19.52,40,2023-02-10
P0042,StoreA,3.69,37.14,9.27,16.27,2,655,86,5601.562506,971,17.04,133,2023-02-11
P0043,StoreD,5.85,93.17,77.3,93.71,5,256,14,674903.26211,20,9.04,53,2023-02-12
P0044,StoreB,6.36,26.34,40.31,69.97,1,655,100,74291.725038,560,8.7,135,2023-02-13
P0045,StoreB,0.23,40.36,42.28,55.5,5,420,164,94706.35440000001,969,4.42,154,2023-02-14
P0046,StoreA,6.67,46.05,76.66,8.1,4,258,28,28594.563299999998,130,21.36,164,2023-02-15
P0047,StoreB,1.86,46.74,92.25,50.18,1,947,113,216364.3677,293,14.04,135,2023-02-16
P0048,StoreE,9.61,63.23,95.34,43.74,4,46,106,263679.950268,897,10.7,122,2023-02-17
P0049,StoreB,1.57,94.59,59.83,20.32,1,862,363,114997.376304,132,11.42,94,2023-02-18
P0050,StoreD,4.2,27.87,38.93,67.36,5,524,129,73084.192176,356,11.48,35,2023-02-19
P0051,StoreD,0.94,16.54,79.82,97.26,2,887,83,128404.86952799998,54,5.61,60,2023-02-20
P0052,StoreD,9.97,23.76,28.85,58.41,3,207,270,40038.65316,890,15.17,31,2023-02-21
P0053,StoreD,5.07,89.26,58.59,72.9,2,310,243,381248.29386000003,793,13.49,50,2023-02-22
P0054,StoreE,5.99,66.35,39.06,11.5,5,746,213,29803.7565,387,22.65,107,2023-02-23
P0055,StoreC,0.76,32.16,67.38,44.68,1,148,305,96818.91494399997,265,7.1,16,2023-02-24
P0056,StoreA,7.52,82.51,27.84,16.05,2,833,165,36868.10832000001,982,5.21,179,2023-02-25
P0057,StoreD,2.18,86.83,23.2,63.22,5,437,278,127353.90831999999,215,5.85,45,2023-02-26
P0058,StoreB,8.99,85.42,92.23,94.16,4,154,58,741819.466256,460,10.03,228,2023-02-27
P0059,StoreD,2.13,92.3,14.67,67.87,3,677,89,91898.76267,458,8.93,89,2023-02-28
P0060,StoreB,1.99,28.96,53.07,12.3,2,89,330,18903.958560000003,802,5.76,58,2023-03-01
P0061,StoreB,0.46,76.73,25.98,38.69,1,697,193,77126.40252599999,43,14.34,124,2023-03-02
P0062,StoreD,4.77,48.75,8.7,57.31,4,829,122,24306.60375,586,6.8,52,2023-03-03
P0063,StoreE,5.69,84.99,8.42,43.3,5,357,135,30986.164139999993,862,12.95,97,2023-03-04
P0064,StoreB,0.75,74.21,21.65,84.2,3,173,138,135279.6353,278,20.38,69,2023-03-05
P0065,StoreB,7.78,78.76,87.34,82.39,1,216,228,566752.4391760001,838,16.66,164,2023-03-06
P0066,StoreD,4.59,67.34,31.84,63.12,5,906,273,135335.94547200002,754,14.55,45,2023-03-07
P0067,StoreB,5.29,21.86,95.29,40.48,5,455,49,84321.434912,130,21.93,175,2023-03-08
P0068,StoreB,4.46,56.78,60.25,29.26,2,775,117,100098.3137,350,18.46,109,2023-03-09
P0069,StoreD,4.07,98.54,46.48,15.06,2,608,201,68976.896352,706,14.86,47,2023-03-10
P0070,StoreD,5.64,94.05,60.11,38.72,1,628,190,218897.53775999998,544,11.27,16,2023-03-11
P0071,StoreA,1.64,9.1,54.09,44.25,5,198,363,21780.690749999998,106,10.71,117,2023-03-12
P0072,StoreE,1.9,20.66,77.08,69.2,2,831,322,110199.11776000001,912,10.59,75,2023-03-13
P0073,StoreE,8.63,17.51,31.84,67.53,3,485,180,37649.217552,716,12.31,77,2023-03-14
P0074,StoreB,9.47,73.97,38.54,11.66,3,532,77,33240.372308,1,15.8,128,2023-03-15
P0075,StoreE,3.8,82.69,89.94,42.55,5,199,74,316450.24742999993,757,13.65,138,2023-03-16
P0076,StoreB,2.78,25.28,94.91,22.27,2,370,294,53432.963295999994,584,5.17,90,2023-03-17
P0077,StoreA,6.48,53.06,89.79,19.9,1,958,280,94808.72226,432,21.4,120,2023-03-18
P0078,StoreD,4.15,84.87,44.85,83.59,1,852,20,318178.60600500007,306,14.12,44,2023-03-19
P0079,StoreD,0.35,74.62,79.13,8.98,1,447,170,53024.031788,909,8.86,42,2023-03-20
P0080,StoreD,1.65,56.51,50.25,44.82,3,247,14,127272.10455,527,11.93,44,2023-03-21
P0081,StoreE,7.19,61.08,52.27,20.98,2,787,210,66981.830568,53,18.25,81,2023-03-22
P0082,StoreA,6.62,53.29,24.44,88.54,2,263,47,115315.168904,940,5.98,157,2023-03-23
P0083,StoreE,0.37,33.27,61.16,57.92,3,57,85,117855.22214400001,520,9.66,65,2023-03-24
P0084,StoreE,2.3,58.68,22.68,26.98,1,301,148,35906.667552,330,5.22,36,2023-03-25
P0085,StoreA,2.39,70.44,36.5,52.73,1,30,187,135571.9938,558,24.48,58,2023-03-26
P0086,StoreA,6.75,87.97,86.23,74.49,5,497,305,565055.299419,325,14.07,319,2023-03-27
P0087,StoreA,0.3,65.45,24.67,96.02,4,248,150,155038.83703000002,114,4.26,170,2023-03-28
P0088,StoreA,1.13,77.31,11.76,25.94,2,604,140,23583.755664000004,147,28.56,115,2023-03-29
P0089,StoreD,8.02,20.21,11.56,89.19,2,776,68,20837.245644000002,166,11.33,54,2023-03-30
P0090,StoreC,1.87,48.85,94.37,93.76,2,270,259,432231.2091200001,379,9.89,32,2023-03-31
P0091,StoreC,6.56,5.89,53.16,92.06,4,605,333,28825.127544,139,12.6,32,2023-04-01
P0092,StoreA,2.46,28.43,43.89,65.36,5,665,8,81555.730872,629,6.99,221,2023-04-02
P0093,StoreC,1.08,74.01,82.03,64.83,4,393,120,393585.542649,299,11.78,41,2023-04-03
P0094,StoreC,2.51,99.22,84.4,43.31,1,796,100,362685.21608,276,1.0,46,2023-04-04
P0095,StoreA,7.25,14.42,36.56,76.48,1,501,148,40319.888896000004,916,19.05,129,2023-04-05
P0096,StoreC,8.57,43.14,70.89,55.47,2,591,145,169638.054462,789,8.65,42,2023-04-06
P0097,StoreE,8.32,81.01,78.26,69.36,3,803,352,439731.48273600003,850,12.08,145,2023-04-07
P0098,StoreB,4.03,24.38,67.19,45.7,2,83,242,74860.81354,825,15.77,76,2023-04-08
P0099,StoreB,6.71,57.73,19.4,74.49,3,364,240,83425.96937999998,178,12.33,117,2023-04-09
P0100,StoreA,2.13,74.64,88.21,83.32,4,885,336,548578.4134079999,842,10.25,266,2023-04-10
P0101,StoreD,3.0,63.52,56.21,18.91,1,548,42,67517.383472,354,6.44,15,2023-04-11
P0102,StoreA,8.97,22.86,31.83,84.13,3,341,94,61215.831593999996,154,24.96,144,2023-04-12
P0103,StoreD,0.23,38.76,45.4,56.33,4,838,225,99124.12632,926,12.77,48,2023-04-13
P0104,StoreB,0.95,79.46,8.57,85.24,1,406,5,58046.07032799999,201,5.06,104,2023-04-14
P0105,StoreA,2.16,57.65,17.15,45.97,3,424,213,45450.424074999995,878,11.97,85,2023-04-15
P0106,StoreE,0.36,5.5,77.73,41.01,2,743,205,17532.39015,115,4.41,61,2023-04-16
P0107,StoreC,1.9,77.29,5.0,91.93,2,92,66,35526.34850000001,671,19.56,9,2023-04-17
P0108,StoreD,5.87,8.35,44.57,28.86,2,847,99,10740.523169999999,554,13.93,27,2023-04-18
P0109,StoreC,4.27,75.84,54.64,85.2,4,613,11,353060.07552,759,7.26,27,2023-04-19
P0110,StoreC,8.94,24.24,10.19,50.98,2,411,236,12592.345487999997,68,17.96,10,2023-04-20
P0111,StoreA,8.19,96.02,97.44,53.84,5,431,321,503737.204992,445,12.7,258,2023-04-21
P0112,StoreC,3.48,39.95,26.48,34.3,1,677,257,36285.1468,445,5.3,6,2023-04-22
P0113,StoreE,2.67,36.06,33.9,59.44,4,158,336,72661.47696,326,13.24,62,2023-04-23
P0114,StoreC,3.86,19.14,33.87,35.9,2,13,134,23272.957619999997,846,13.69,20,2023-04-24
P0115,StoreA,5.94,34.03,26.89,8.73,1,372,221,7988.532291000001,708,18.66,93,2023-04-25
P0116,StoreE,2.75,88.28,5.14,30.84,3,224,155,13993.933727999998,602,11.7,56,2023-04-26
P0117,StoreB,6.28,99.65,74.29,5.61,2,504,141,41530.821585000005,623,13.68,117,2023-04-27
P0118,StoreC,4.15,39.99,96.85,97.94,1,72,157,379324.70511,880,12.88,32,2023-04-28
P0119,StoreA,5.57,47.62,26.31,96.75,5,248,325,121216.35284999998,359,20.76,167,2023-04-29
P0120,StoreB,4.42,73.6,67.99,42.54,3,510,343,212872.88255999997,145,10.66,115,2023-04-30
P0121,StoreB,3.02,89.19,75.48,74.2,5,602,261,499518.94104,275,13.86,198,2023-05-01
P0122,StoreD,9.49,61.34,85.6,37.85,1,215,282,198739.1464,509,17.83,44,2023-05-02
P0123,StoreE,7.66,42.19,45.15,68.75,5,972,337,130960.39687499999,179,15.58,128,2023-05-03
P0124,StoreC,1.49,44.2,33.78,81.52,1,601,343,121715.55552000001,753,9.01,0,2023-05-04
P0125,StoreA,8.7,71.08,35.9,94.94,1,540,228,242265.23367999998,838,14.95,151,2023-05-05
P0126,StoreD,4.93,5.31,72.7,43.02,5,946,279,16607.31174,831,12.0,78,2023-05-06
P0127,StoreE,8.96,63.86,82.59,79.41,1,816,357,418824.015534,477,24.28,116,2023-05-07
P0128,StoreD,8.02,38.77,22.25,30.26,2,938,289,26103.25945,843,11.72,48,2023-05-08
P0129,StoreE,4.31,80.45,40.24,99.08,1,987,167,320752.47664000007,976,7.59,112,2023-05-09
P0130,StoreE,0.32,13.83,90.68,7.45,4,219,46,9343.077780000001,414,10.13,72,2023-05-10
P0131,StoreC,2.76,60.88,81.64,62.34,1,839,202,309844.961088,153,11.0,36,2023-05-11
P0132,StoreE,5.46,50.69,98.56,67.65,4,726,213,337979.83296,104,13.71,144,2023-05-12
P0133,StoreD,6.37,66.02,76.65,70.36,1,220,245,356052.06588,75,10.9,40,2023-05-13
P0134,StoreE,2.65,11.16,42.35,16.44,1,388,23,7769.971440000001,128,11.88,38,2023-05-14
P0135,StoreC,1.48,60.1,61.11,94.16,5,553,320,345822.46776,711,11.39,26,2023-05-15
P0136,StoreC,8.37,58.34,67.8,22.21,2,646,273,87850.58892000001,666,18.71,22,2023-05-16
P0137,StoreD,9.85,58.26,12.45,64.16,2,41,43,46537.62192,568,15.39,56,2023-05-17
P0138,StoreB,5.3,62.33,56.73,26.15,3,675,331,92465.90053499998,790,13.16,125,2023-05-18
P0139,StoreB,1.8,69.26,72.39,34.19,5,872,312,171419.476566,345,13.48,156,2023-05-19
P0140,StoreE,2.8,81.47,20.9,56.91,5,282,362,96901.96592999999,531,15.74,85,2023-05-20
P0141,StoreA,0.28,30.63,79.16,44.63,2,57,155,108213.057804,159,5.22,102,2023-05-21
P0142,StoreE,9.15,83.38,60.46,20.22,5,813,198,101932.150056,538,8.31,136,2023-05-22
P0143,StoreD,1.27,52.33,95.46,21.24,2,833,161,106102.75903199997,426,19.11,55,2023-05-23
P0144,StoreD,5.81,12.32,9.03,44.72,5,536,233,4975.082112,681,16.43,37,2023-05-24
P0145,StoreD,2.81,10.56,30.21,76.94,1,72,162,24545.214144,996,10.31,0,2023-05-25
P0146,StoreD,5.59,36.75,62.15,90.31,2,884,115,206269.168875,23,12.89,45,2023-05-26
P0147,StoreD,6.55,79.57,33.17,12.99,2,922,92,34284.986331,47,11.31,22,2023-05-27
P0148,StoreC,8.31,72.23,72.87,42.34,4,128,41,222852.36023400005,525,15.21,0,2023-05-28
P0149,StoreB,2.14,79.92,77.11,14.52,5,598,283,89481.40502399999,729,6.21,143,2023-05-29
P0150,StoreD,0.21,54.14,14.74,6.58,5,841,209,5250.995288,834,14.31,47,2023-05-30
P0151,StoreA,1.46,46.82,53.82,67.86,2,425,205,170997.18386400002,706,11.61,134,2023-05-31
P0152,StoreA,9.01,19.01,53.34,62.23,1,947,219,63100.80928200001,144,15.56,165,2023-06-01
P0153,StoreA,8.75,36.18,40.08,20.49,1,664,279,29712.434255999997,585,9.91,164,2023-06-02
P0154,StoreA,6.01,46.23,93.63,27.21,1,693,135,117778.89042899998,668,15.63,150,2023-06-03
P0155,StoreC,6.05,13.42,83.61,7.25,5,124,105,8134.83495,589,8.67,3,2023-06-04
P0156,StoreA,6.68,25.96,71.23,84.32,4,66,117,155918.709056,419,9.88,146,2023-06-05
P0157,StoreD,1.84,61.83,72.86,97.6,2,5,236,439681.53887999995,681,11.36,35,2023-06-06
P0158,StoreE,9.15,74.89,48.86,17.87,3,636,308,65388.570898000005,973,27.11,85,2023-06-07
P0159,StoreA,4.25,99.84,92.49,26.99,4,313,99,249231.101184,799,12.98,177,2023-06-08
P0160,StoreC,3.89,93.65,70.99,87.5,3,325,260,581718.68125,85,1.0,35,2023-06-09
P0161,StoreC,5.24,66.04,74.25,93.01,4,564,304,456071.74470000004,416,9.41,37,2023-06-10
P0162,StoreA,0.56,45.02,86.86,44.86,1,577,353,175422.212792,694,13.7,130,2023-06-11
P0163,StoreE,1.75,65.44,31.04,9.81,5,825,285,19926.637056,482,5.23,98,2023-06-12
P0164,StoreA,7.41,79.64,81.67,8.74,3,505,327,56846.697512,456,17.86,135,2023-06-13
P0165,StoreC,0.92,16.24,23.55,59.53,4,81,102,22767.36756,827,11.25,41,2023-06-14
P0166,StoreB,6.07,43.94,37.81,42.33,5,598,62,70325.851362,297,17.99,165,2023-06-15
P0167,StoreD,2.53,84.78,36.88,7.72,3,1,174,24138.019008,112,8.47,8,2023-06-16
P0168,StoreC,3.95,41.46,97.96,60.41,2,203,281,245350.47885599997,962,8.79,9,2023-06-17
P0169,StoreA,2.96,59.33,86.37,6.07,4,661,292,31104.695847000006,230,14.3,142,2023-06-18
P0170,StoreD,3.62,60.84,71.61,79.8,2,804,225,347668.84152,96,11.77,54,2023-06-19
P0171,StoreA,7.22,22.53,74.07,34.11,1,403,6,56922.669081,950,13.27,142,2023-06-20
P0172,StoreA,3.04,39.41,58.4,8.82,2,102,126,20299.61808,680,19.36,99,2023-06-21
P0173,StoreB,5.71,36.78,94.97,60.89,2,535,91,212688.562974,378,15.88,108,2023-06-22
P0174,StoreD,4.81,7.49,52.14,42.78,4,367,189,16706.813508000003,156,2.46,53,2023-06-23
P0175,StoreD,6.67,7.3,41.15,97.51,1,211,358,29291.51645,421,17.33,18,2023-06-24
P0176,StoreB,9.37,84.01,20.49,56.7,2,576,52,97601.38983,105,18.18,124,2023-06-25
P0177,StoreC,7.35,30.94,79.69,31.15,5,960,241,76803.70788999999,705,19.6,29,2023-06-26
P0178,StoreA,2.23,54.22,74.77,72.4,3,208,131,293511.72856,330,6.42,140,2023-06-27
P0179,StoreE,0.41,33.38,41.51,30.79,2,762,363,42662.741002,439,11.83,50,2023-06-28
P0180,StoreA,2.7,94.36,7.39,90.9,1,896,111,63386.42436,132,11.91,130,2023-06-29
P0181,StoreA,5.99,29.63,84.7,40.6,2,116,6,101892.2366,867,8.21,116,2023-06-30
P0182,StoreC,0.61,45.82,6.08,57.24,3,627,229,15946.239744,382,15.04,26,2023-07-01
P0183,StoreA,5.01,87.91,71.85,9.8,1,748,155,61900.06829999999,138,11.3,113,2023-07-02
P0184,StoreB,6.01,84.98,97.17,45.48,4,477,196,375551.400168,943,18.77,152,2023-07-03
P0185,StoreB,3.41,22.68,46.58,84.07,1,104,322,88814.44000799998,843,7.99,64,2023-07-04
P0186,StoreD,7.73,81.25,27.32,81.54,4,494,363,180998.415,270,6.56,50,2023-07-05
P0187,StoreE,1.16,48.53,71.96,26.31,1,770,222,91880.27662799999,550,9.37,62,2023-07-06
P0188,StoreA,0.84,50.88,82.63,26.48,3,45,249,111327.597312,396,11.58,96,2023-07-07
P0189,StoreA,7.31,17.68,56.91,82.64,3,822,82,83149.789632,557,10.98,219,2023-07-08
P0190,StoreC,5.01,12.66,96.87,93.39,1,330,239,114531.086538,913,1.0,34,2023-07-09
P0191,StoreB,6.92,74.15,9.91,14.06,2,215,359,10331.660590000001,464,15.38,43,2023-07-10
P0192,StoreE,4.4,52.16,52.96,47.76,3,981,322,131931.918336,675,14.09,99,2023-07-11
P0193,StoreD,2.54,46.5,73.25,37.06,4,959,262,126230.99250000001,450,14.71,62,2023-07-12
P0194,StoreB,8.21,74.3,86.95,87.72,4,491,188,566704.9722,331,12.2,223,2023-07-13
P0195,StoreD,8.01,77.72,22.03,12.93,5,812,289,22138.378788,253,11.83,34,2023-07-14
P0196,StoreC,6.98,20.1,81.0,25.06,4,921,361,40800.186,681,20.69,14,2023-07-15
P0197,StoreC,2.79,62.97,57.51,76.48,5,844,57,276965.031456,963,3.52,39,2023-07-16
P0198,StoreA,5.94,17.86,42.67,9.87,1,448,8,7521.790793999999,285,11.73,118,2023-07-17
P0199,StoreE,3.67,76.38,17.51,51.79,1,535,303,69264.660702,274,12.55,46,2023-07-18
P0200,StoreD,1.01,67.41,87.2,47.0,1,510,114,276273.14400000003,20,13.54,16,2023-07-19
P0201,StoreB,9.18,95.88,19.94,36.77,2,457,209,70298.62154400001,239,15.44,106,2023-07-20
P0202,StoreC,1.45,11.55,34.43,42.48,2,546,40,16892.87292,270,6.12,9,2023-07-21
P0203,StoreA,9.51,10.42,32.55,55.34,5,535,303,18769.723140000002,418,20.59,167,2023-07-22
P0204,StoreA,4.52,31.81,87.78,20.33,4,539,172,56767.08899399999,945,12.27,174,2023-07-23
P0205,StoreD,1.93,29.86,68.91,59.34,4,483,233,122101.105284,310,2.62,42,2023-07-24
P0206,StoreC,5.46,28.46,80.68,81.52,1,975,280,187182.37625600002,31,13.78,38,2023-07-25
P0207,StoreE,8.74,91.09,28.79,77.22,3,999,77,202507.99054199998,826,16.75,134,2023-07-26
P0208,StoreC,7.35,28.71,64.36,19.62,2,15,107,36253.357272,104,23.48,16,2023-07-27
P0209,StoreD,8.08,30.84,59.32,19.18,2,570,280,35088.444383999995,682,16.08,10,2023-07-28
P0210,StoreD,6.62,77.14,84.12,30.48,1,976,38,197785.232064,186,5.9,49,2023-07-29
P0211,StoreC,6.95,47.73,91.08,39.3,2,242,118,170846.86211999998,128,6.24,29,2023-07-30
P0212,StoreD,8.51,78.79,6.15,43.8,1,949,334,21223.662300000004,210,20.55,43,2023-07-31
P0213,StoreC,2.57,11.21,69.03,69.57,5,206,335,53835.095691,414,7.27,29,2023-08-01
P0214,StoreB,4.95,51.32,9.92,10.38,4,911,26,5284.399872000001,281,4.73,181,2023-08-02
P0215,StoreC,2.29,8.19,57.14,8.29,3,270,103,3879.526013999999,959,16.15,10,2023-08-03
P0216,StoreC,9.88,10.95,32.33,42.23,4,760,73,14949.990104999997,253,12.56,40,2023-08-04
P0217,StoreD,9.45,91.11,34.14,71.23,4,993,190,221560.58734200004,19,19.46,94,2023-08-05
P0218,StoreD,0.49,18.23,38.53,23.38,5,778,323,16422.156422,712,5.67,39,2023-08-06
P0219,StoreA,7.09,55.58,64.02,65.94,2,704,146,234629.79170399997,732,20.91,211,2023-08-07
P0220,StoreA,9.26,44.05,36.73,29.68,3,846,254,48020.948919999995,136,18.99,200,2023-08-08
P0221,StoreB,1.89,38.0,74.61,89.18,2,729,283,252841.3524,223,7.33,128,2023-08-09
P0222,StoreA,5.72,90.48,43.43,90.09,4,114,212,354012.835176,3,4.56,197,2023-08-10
P0223,StoreC,9.16,7.07,11.49,33.24,1,579,122,2700.228132,963,26.11,19,2023-08-11
P0224,StoreD,0.44,68.06,79.46,26.85,4,298,205,145206.07806,236,9.17,50,2023-08-12
P0225,StoreA,7.0,96.52,32.15,44.07,2,836,239,136754.41026,854,9.69,191,2023-08-13
P0226,StoreA,3.04,58.22,46.11,27.85,4,482,338,74763.99897,465,18.45,136,2023-08-14
P0227,StoreB,9.25,94.0,70.12,68.88,1,396,285,454007.3664,228,19.35,103,2023-08-15
P0228,StoreB,9.71,9.96,36.58,83.48,5,393,21,30414.836064000006,913,20.77,161,2023-08-16
P0229,StoreC,9.45,44.79,10.38,68.94,2,74,258,32051.598588,654,14.23,0,2023-08-17
P0230,StoreD,4.79,29.71,40.52,83.31,4,977,356,100292.67685200002,499,21.8,29,2023-08-18
P0231,StoreB,8.63,74.43,94.72,42.71,2,481,104,301105.91001600004,521,7.76,147,2023-08-19
P0232,StoreA,8.46,98.22,65.96,19.85,5,102,257,128600.03531999998,702,11.47,154,2023-08-20
P0233,StoreD,3.26,29.37,68.79,75.11,4,296,203,151749.41235300002,862,13.58,45,2023-08-21
P0234,StoreD,8.31,67.15,65.07,39.25,4,177,309,171500.932125,917,20.0,34,2023-08-22
P0235,StoreA,0.47,23.82,23.9,68.77,2,214,261,39150.623459999995,972,13.54,83,2023-08-23
P0236,StoreB,6.0,58.71,44.74,30.71,2,966,106,80665.50863400001,677,12.59,121,2023-08-24
P0237,StoreA,2.38,49.07,76.34,12.72,1,314,250,47649.16833600001,992,8.81,67,2023-08-25
P0238,StoreD,1.29,97.34,14.63,99.3,5,38,220,141411.56106,139,16.51,35,2023-08-26
P0239,StoreE,0.86,62.81,31.4,19.84,1,258,221,39129.122559999996,276,14.25,27,2023-08-27
P0240,StoreE,6.99,38.2,31.25,98.9,4,715,257,118061.875,291,9.12,107,2023-08-28
P0241,StoreC,3.46,15.84,46.04,97.84,2,6,200,71352.129024,53,7.21,0,2023-08-29
P0242,StoreA,7.28,19.37,98.14,80.41,4,48,257,152857.142438,687,10.91,141,2023-08-30
P0243,StoreA,0.75,26.41,11.41,67.65,4,537,348,20385.522465000002,110,7.01,147,2023-08-31
P0244,StoreC,3.22,28.84,54.28,59.89,3,160,224,93753.914128,715,16.76,0,2023-09-01
P0245,StoreC,5.44,85.81,22.04,87.28,3,868,201,165068.509472,948,14.9,37,2023-09-02
P0246,StoreC,7.93,58.32,97.21,32.5,4,175,225,184251.834,648,16.75,36,2023-09-03
P0247,StoreD,3.26,54.72,15.76,49.43,2,590,235,42627.799296,4,12.59,11,2023-09-04
P0248,StoreA,6.3,15.9,43.34,63.84,4,1,182,43992.52704000001,667,14.34,117,2023-09-05
P0249,StoreD,8.87,86.71,75.1,44.06,3,894,199,286915.23926,684,6.53,86,2023-09-06
P0250,StoreC,6.2,73.67,71.93,45.61,2,454,356,241691.18019100002,936,17.07,32,2023-09-07
P0251,StoreA,2.41,11.43,45.16,36.38,4,927,245,18778.584744,870,8.39,200,2023-09-08
P0252,StoreD,0.34,72.24,37.92,58.6,5,643,352,160525.37088,47,10.0,63,2023-09-09
P0253,StoreD,8.71,56.64,42.77,85.8,5,275,110,207849.88224,94,11.99,82,2023-09-10
P0254,StoreC,0.31,12.76,30.11,24.15,4,497,5,9278.51694,940,10.88,24,2023-09-11
P0255,StoreA,8.76,48.54,24.51,93.77,2,628,235,111559.613058,560,17.25,153,2023-09-12
P0256,StoreC,5.34,51.05,50.89,70.46,4,675,126,183050.46486999997,752,7.63,49,2023-09-13
P0257,StoreA,9.4,20.75,30.51,83.21,4,799,103,52678.794825,859,15.96,219,2023-09-14
P0258,StoreE,8.01,94.84,32.31,57.84,3,27,236,177237.97833600003,213,11.76,82,2023-09-15
P0259,StoreB,9.98,85.75,67.39,79.05,5,332,154,456805.642125,436,21.6,193,2023-09-16
P0260,StoreB,3.57,68.56,97.01,6.54,3,0,256,43497.576624,852,6.21,73,2023-09-17
P0261,StoreB,7.7,48.92,62.35,82.75,3,187,234,252400.90550000002,508,8.84,119,2023-09-18
P0262,StoreC,4.08,44.12,12.31,8.81,4,55,288,4784.862532,836,10.24,10,2023-09-19
P0263,StoreE,4.85,66.84,12.18,89.54,3,546,39,72895.51684800001,651,7.8,91,2023-09-20
P0264,StoreA,6.31,56.82,95.39,99.24,5,111,287,537886.734552,205,12.03,265,2023-09-21
P0265,StoreD,8.75,10.92,33.24,32.94,3,797,196,11956.587552,381,11.74,41,2023-09-22
P0266,StoreA,9.84,53.69,13.75,24.98,5,309,272,18441.172749999998,73,15.36,161,2023-09-23
P0267,StoreD,7.71,81.61,61.91,77.71,3,35,263,392627.84002099995,516,18.9,33,2023-09-24
P0268,StoreA,4.24,48.63,64.25,29.04,5,438,56,90734.8266,76,12.48,213,2023-09-25
P0269,StoreE,4.27,9.94,66.61,87.23,3,728,297,57755.279582,841,12.95,81,2023-09-26
P0270,StoreD,7.4,79.7,30.4,14.77,3,591,97,35785.9376,77,8.41,37,2023-09-27
P0271,StoreC,2.46,24.13,6.44,16.97,2,825,136,2637.090484,816,10.56,23,2023-09-28
P0272,StoreA,1.19,29.57,96.68,98.02,5,594,86,280222.281352,768,8.49,247,2023-09-29
P0273,StoreA,3.61,20.65,28.83,69.01,5,576,241,41084.378895,410,15.21,170,2023-09-30
P0274,StoreD,2.94,36.37,69.22,85.45,5,324,198,215123.05813,614,7.65,27,2023-10-01
P0275,StoreC,3.03,76.89,72.13,35.81,1,639,309,198604.970817,106,7.21,28,2023-10-02
P0276,StoreC,2.41,54.34,62.95,69.27,3,306,83,236952.09681000002,845,12.79,15,2023-10-03
P0277,StoreE,0.52,24.46,34.73,61.45,5,533,241,52201.51691,551,20.16,85,2023-10-04
P0278,StoreC,0.28,88.39,30.75,62.3,1,727,280,169330.93274999998,476,9.26,24,2023-10-05
P0279,StoreC,9.88,88.56,61.78,69.84,2,618,322,382111.17811200005,826,15.78,32,2023-10-06
P0280,StoreC,4.33,87.7,87.28,59.66,5,108,251,456664.84495999996,275,16.91,26,2023-10-07
P0281,StoreB,3.9,27.69,94.94,45.76,5,371,189,120297.94233600001,88,14.5,128,2023-10-08
P0282,StoreE,6.83,47.87,15.06,31.21,1,356,151,22499.981862,723,16.0,40,2023-10-09
P0283,StoreA,2.26,98.57,19.71,78.02,3,180,301,151578.402894,881,10.65,107,2023-10-10
P0284,StoreD,9.5,78.34,94.75,26.5,2,355,277,196701.9475,77,14.37,46,2023-10-11
P0285,StoreA,7.88,7.58,74.97,70.77,5,675,138,40216.651902,77,10.16,244,2023-10-12
P0286,StoreE,0.99,11.19,88.88,27.17,3,67,175,27022.390824000002,442,12.93,50,2023-10-13
P0287,StoreD,4.23,49.07,24.25,64.41,2,291,7,76644.51847499999,540,14.43,34,2023-10-14
P0288,StoreE,8.8,91.38,60.82,75.97,4,691,294,422220.869652,245,17.99,153,2023-10-15
P0289,StoreC,9.45,56.18,71.61,25.78,4,180,234,103714.223844,578,12.28,20,2023-10-16
P0290,StoreD,4.73,52.29,69.61,10.69,2,465,162,38910.604760999995,778,16.52,11,2023-10-17
P0291,StoreC,6.17,15.02,43.77,17.44,1,433,48,11465.498976000003,382,18.75,45,2023-10-18
P0292,StoreA,1.75,67.39,6.46,62.57,2,463,301,27239.186258,982,4.81,112,2023-10-19
P0293,StoreA,9.91,83.1,60.38,85.7,2,680,37,430006.4346,717,13.47,233,2023-10-20
P0294,StoreD,2.39,41.14,29.04,9.27,1,913,135,11074.920912,570,17.07,57,2023-10-21
P0295,StoreD,9.43,78.68,47.77,74.74,1,533,309,280913.548664,713,11.47,30,2023-10-22
P0296,StoreE,6.53,96.63,95.97,37.43,3,65,218,347110.14057299995,737,15.91,111,2023-10-23
P0297,StoreE,6.12,24.36,42.91,50.46,3,20,347,52745.212296,142,13.1,46,2023-10-24
P0298,StoreC,5.18,54.72,84.78,93.24,1,611,295,432555.427584,893,14.24,48,2023-10-25
P0299,StoreD,2.38,32.28,22.91,36.54,4,383,33,27022.601592,368,11.39,25,2023-10-26
P0300,StoreA,1.85,80.32,68.88,49.21,4,811,351,272251.451136,84,14.66,235,2023-10-27
P0301,StoreE,2.28,59.87,97.82,6.3,2,614,78,36895.84541999999,143,6.03,78,2023-10-28
P0302,StoreE,1.95,65.29,14.68,12.75,5,558,235,12220.329300000001,352,6.41,86,2023-10-29
P0303,StoreA,7.82,80.8,5.79,29.57,2,38,272,13833.79224,545,21.23,66,2023-10-30
P0304,StoreE,3.57,42.62,46.19,7.65,2,284,160,15059.926169999999,913,22.29,44,2023-10-31
P0305,StoreC,0.67,91.93,13.8,64.98,5,821,174,82435.83732000002,152,10.31,9,2023-11-01
P0306,StoreD,9.69,55.64,76.1,45.51,1,601,307,192698.62403999997,158,23.42,57,2023-11-02
P0307,StoreA,8.85,20.01,91.88,57.07,4,596,220,104924.267916,446,10.57,216,2023-11-03
P0308,StoreD,9.28,71.11,46.23,21.59,2,784,8,70975.29632699999,653,11.98,57,2023-11-04
P0309,StoreE,9.95,80.36,29.58,33.11,5,335,288,78704.085768,958,22.26,102,2023-11-05
P0310,StoreE,1.82,35.09,46.27,68.06,3,187,112,110503.18925800001,763,14.93,68,2023-11-06
P0311,StoreA,4.02,86.43,73.73,96.7,2,670,204,616219.1931300001,303,20.04,278,2023-11-07
P0312,StoreC,7.61,91.08,5.86,9.79,4,242,185,5225.204951999999,624,16.15,12,2023-11-08
P0313,StoreB,6.99,31.31,61.0,89.59,1,72,340,171108.8369,656,8.43,74,2023-11-09
P0314,StoreA,1.62,98.43,63.26,59.8,2,478,196,372355.57164,450,11.93,205,2023-11-10
P0315,StoreB,8.18,18.37,65.58,58.57,2,973,265,70559.548422,721,20.1,121,2023-11-11
P0316,StoreB,2.32,24.19,27.99,52.53,5,560,261,35566.912593,224,10.5,135,2023-11-12
P0317,StoreC,2.32,22.5,72.84,11.59,3,100,247,18994.851000000002,43,9.73,28,2023-11-13
P0318,StoreB,5.42,89.93,13.68,13.54,3,513,114,16657.482096,264,15.13,82,2023-11-14
P0319,StoreB,5.97,67.16,23.93,62.09,1,755,120,99787.24809200001,756,10.19,130,2023-11-15
P0320,StoreC,5.84,19.45,88.36,37.39,4,175,140,64258.52877999999,3,14.4,5,2023-11-16
P0321,StoreB,1.01,46.83,75.18,92.14,1,237,64,324395.399916,637,10.82,104,2023-11-17
P0322,StoreB,8.79,63.45,6.31,43.63,2,909,275,17468.121285,268,11.94,145,2023-11-18
P0323,StoreB,2.73,12.93,28.6,18.61,2,58,312,6881.94078,596,16.27,2,2023-11-19
P0324,StoreA,1.38,88.83,25.37,72.9,3,864,238,164288.68659,16,13.92,199,2023-11-20
P0325,StoreA,8.9,81.34,30.73,32.87,4,98,301,82161.135434,334,12.68,170,2023-11-21
P0326,StoreA,9.56,52.99,28.52,54.92,5,953,9,82999.212016,464,14.71,267,2023-11-22
P0327,StoreC,8.64,96.88,10.94,71.29,4,870,232,75557.932688,59,12.96,42,2023-11-23
P0328,StoreE,8.11,44.69,48.6,90.53,2,953,194,196625.18501999998,177,10.86,110,2023-11-24
P0329,StoreB,6.59,98.49,74.61,80.26,5,494,11,589777.680114,63,4.8,222,2023-11-25
P0330,StoreB,5.55,68.45,62.64,69.25,4,946,176,296923.77900000004,958,10.36,213,2023-11-26
P0331,StoreC,0.96,65.29,68.92,69.57,4,979,176,313050.16767600004,561,7.36,54,2023-11-27
P0332,StoreB,4.14,20.77,12.71,94.86,5,513,216,25041.778361999997,307,12.64,144,2023-11-28
P0333,StoreA,3.79,88.78,95.39,33.1,2,754,10,280314.77102000004,246,14.1,213,2023-11-29
P0334,StoreE,2.67,45.61,84.66,5.11,4,296,117,19731.460686000002,289,7.32,82,2023-11-30
P0335,StoreD,7.26,20.41,81.48,30.84,5,210,163,51287.129712,798,15.5,63,2023-12-01
P0336,StoreB,5.01,6.2,83.18,25.7,2,122,38,13253.9012,955,7.72,78,2023-12-02
P0337,StoreA,0.9,58.18,93.61,67.87,5,228,52,369635.616526,332,9.82,212,2023-12-03
P0338,StoreD,2.28,55.1,56.7,65.2,5,593,217,203695.88400000002,527,8.13,50,2023-12-04
P0339,StoreE,6.86,73.34,24.03,61.38,4,655,205,108173.669076,850,17.16,105,2023-12-05
P0340,StoreD,0.85,89.57,63.59,6.54,2,387,311,37250.246202,255,11.01,0,2023-12-06
P0341,StoreA,8.53,12.54,75.57,74.23,4,139,359,70343.89619399999,604,13.71,133,2023-12-07
P0342,StoreD,5.0,74.49,75.1,35.74,1,540,55,199936.67226,510,9.37,34,2023-12-08
P0343,StoreC,4.86,22.8,54.54,68.18,1,390,117,84782.64816000001,791,10.79,37,2023-12-09
P0344,StoreD,5.96,86.53,11.5,57.87,2,269,252,57586.14765,718,22.13,0,2023-12-10
P0345,StoreB,8.26,82.81,40.26,37.56,5,758,285,125222.43333600002,606,11.62,189,2023-12-11
P0346,StoreB,3.54,56.38,92.47,17.78,4,11,267,92695.293908,737,14.17,106,2023-12-12
P0347,StoreC,6.81,72.47,60.52,13.97,4,866,290,61270.805068,813,12.84,3,2023-12-13
P0348,StoreA,5.7,34.86,56.14,83.99,2,388,332,164371.823196,830,15.1,100,2023-12-14
P0349,StoreB,2.74,49.76,30.54,92.25,2,336,179,140189.5944,463,15.55,116,2023-12-15
P0350,StoreE,8.8,83.06,40.0,66.73,1,505,357,221703.752,199,12.63,76,2023-12-16
P0351,StoreB,7.99,48.63,90.06,14.83,3,105,234,64949.731974,271,17.54,132,2023-12-17
P0352,StoreB,6.62,38.99,68.31,43.19,2,31,342,115032.544011,746,27.09,26,2023-12-18
P0353,StoreA,8.52,51.95,79.8,74.25,3,73,195,307811.5425,558,17.1,169,2023-12-19
P0354,StoreD,8.69,83.68,48.16,79.08,2,170,307,318694.677504,64,22.41,35,2023-12-20
P0355,StoreB,7.11,36.84,64.87,16.23,5,848,79,38786.629284,230,15.96,175,2023-12-21
P0356,StoreC,8.39,21.51,28.6,5.0,5,68,134,3075.9300000000003,942,9.54,31,2023-12-22
P0357,StoreD,7.0,72.64,72.02,72.65,1,812,21,380070.85792000004,952,14.88,65,2023-12-23
P0358,StoreE,6.83,83.47,45.62,38.88,1,361,330,148051.206432,249,11.76,58,2023-12-24
P0359,StoreA,6.22,14.56,47.04,29.18,3,648,224,19985.452032,246,10.13,146,2023-12-25
P0360,StoreE,7.55,27.79,66.69,6.23,2,432,57,11546.153073,940,13.41,67,2023-12-26
P0361,StoreD,1.67,18.49,93.95,56.33,4,928,92,97852.84271499999,587,10.06,64,2023-12-27
P0362,StoreD,8.82,38.05,11.08,85.86,1,995,191,36198.06084,157,9.11,45,2023-12-28
P0363,StoreD,8.73,47.78,83.35,95.98,4,99,102,382236.79874,735,27.91,60,2023-12-29
P0364,StoreE,0.39,76.14,32.78,58.75,4,657,6,146632.3155,702,14.23,111,2023-12-30
P0365,StoreD,8.28,66.86,47.17,53.87,2,8,127,169894.46259399998,985,15.36,19,2023-12-31
P0366,StoreE,1.38,63.99,7.08,13.08,3,573,54,5925.883536,564,11.14,67,2024-01-01
P0367,StoreD,3.42,38.48,33.6,57.14,2,696,230,73877.90591999999,950,17.72,26,2024-01-02
P0368,StoreC,7.46,84.94,52.75,41.1,1,28,361,184152.0435,88,24.11,22,2024-01-03
P0369,StoreD,1.69,49.77,10.34,62.68,4,892,61,32256.494424,313,14.27,48,2024-01-04
P0370,StoreE,8.2,98.01,51.65,41.93,2,113,239,212258.73784500003,851,14.71,79,2024-01-05
P0371,StoreB,8.34,65.24,93.08,27.83,2,461,89,168998.76593599998,66,21.53,116,2024-01-06
P0372,StoreD,5.12,17.0,15.01,14.02,2,920,231,3577.4833999999996,662,13.27,49,2024-01-07
P0373,StoreB,0.16,69.24,77.62,34.92,1,142,232,187674.35529600002,20,12.26,43,2024-01-08
P0374,StoreC,2.94,35.88,43.92,14.18,3,389,353,22345.547328000004,33,16.48,16,2024-01-09
P0375,StoreA,6.21,70.2,67.24,21.81,2,631,332,102948.60887999999,840,11.17,159,2024-01-10
P0376,StoreC,9.81,11.62,29.72,98.8,1,681,291,34120.224319999994,793,4.53,28,2024-01-11
P0377,StoreD,6.35,21.61,20.15,47.19,4,156,344,20548.484384999996,558,11.0,33,2024-01-12
P0378,StoreB,2.67,86.3,20.24,55.53,5,334,151,96994.91735999999,73,15.2,157,2024-01-13
P0379,StoreB,6.38,26.58,11.7,87.99,1,860,144,27363.658139999992,866,16.7,125,2024-01-14
P0380,StoreE,5.45,84.52,22.64,99.58,5,259,129,190549.59622399998,825,19.44,117,2024-01-15
P0381,StoreB,7.82,31.53,68.1,60.36,2,81,140,129604.56947999999,343,11.93,99,2024-01-16
P0382,StoreE,1.16,66.07,88.76,82.19,2,753,92,481992.833308,133,18.48,135,2024-01-17
P0383,StoreA,7.63,70.94,82.34,36.06,1,440,113,210633.657576,55,14.74,175,2024-01-18
P0384,StoreD,5.46,53.7,70.09,34.05,5,944,283,128158.51365000001,61,15.75,53,2024-01-19
P0385,StoreE,9.63,34.0,15.49,43.26,2,171,142,22783.311599999997,857,19.33,49,2024-01-20
P0386,StoreA,3.48,25.2,32.47,68.89,4,230,222,56368.829159999994,520,4.83,147,2024-01-21
P0387,StoreB,6.36,8.15,34.43,69.81,3,719,231,19589.000145,272,8.16,122,2024-01-22
P0388,StoreB,9.33,33.87,28.75,34.95,3,74,32,34032.999375,246,9.47,103,2024-01-23
P0389,StoreA,1.11,67.05,53.93,17.65,2,269,275,63822.51472499999,176,15.92,84,2024-01-24
P0390,StoreB,9.38,94.14,55.88,65.08,5,898,169,342356.151456,628,13.16,216,2024-01-25
P0391,StoreA,6.91,87.76,38.9,17.19,2,625,139,58684.32216,317,23.59,157,2024-01-26
P0392,StoreE,0.77,77.78,38.61,59.96,5,61,356,180065.024568,783,10.4,86,2024-01-27
P0393,StoreE,3.08,79.9,83.71,70.88,4,873,200,474075.84751999995,705,4.18,165,2024-01-28
P0394,StoreA,7.11,68.17,79.98,71.56,5,319,22,390162.051096,662,10.19,286,2024-01-29
P0395,StoreE,0.77,29.73,34.24,76.58,2,101,223,77955.009216,131,10.97,38,2024-01-30
P0396,StoreE,5.86,91.18,91.81,87.92,4,428,269,735999.0515360001,102,15.51,181,2024-01-31
P0397,StoreE,3.52,68.72,95.52,52.5,1,873,346,344617.056,310,6.84,104,2024-02-01
P0398,StoreC,6.25,58.24,36.04,74.37,3,721,152,156100.369152,782,15.97,13,2024-02-02
P0399,StoreD,0.55,15.54,38.67,63.82,2,953,332,38351.467476,292,14.45,30,2024-02-03
P0400,StoreB,8.73,47.47,53.04,22.73,2,254,84,57229.794023999995,722,11.16,57,2024-02-04
P0401,StoreC,9.74,48.73,94.41,7.44,2,531,108,34228.458792,495,24.72,35,2024-02-05
P0402,StoreE,9.69,87.13,88.25,32.03,4,569,30,246285.796675,361,12.18,147,2024-02-06
P0403,StoreA,7.52,56.93,14.74,47.09,1,111,228,39515.488738,338,8.76,68,2024-02-07
P0404,StoreE,1.39,41.14,42.31,63.63,5,984,239,110756.50324200002,579,3.05,120,2024-02-08
P0405,StoreD,7.61,97.8,57.57,85.75,1,312,362,482802.16949999996,10,19.91,42,2024-02-09
P0406,StoreE,0.34,15.52,52.8,23.64,4,997,309,19371.93984,49,10.28,84,2024-02-10
P0407,StoreA,0.32,45.14,23.42,16.93,2,460,140,17898.037084000003,487,7.76,79,2024-02-11
P0408,StoreD,3.3,8.99,86.59,96.53,3,707,155,75143.208973,623,4.28,64,2024-02-12
P0409,StoreE,4.94,75.29,69.31,15.26,2,886,298,79632.019474,321,10.52,84,2024-02-13
P0410,StoreD,7.73,92.22,84.6,50.46,5,461,344,393679.43351999996,731,25.77,90,2024-02-14
P0411,StoreB,6.86,31.6,86.58,60.63,3,864,98,165879.31464,569,2.71,167,2024-02-15
P0412,StoreB,4.51,86.54,76.09,56.43,2,91,46,371581.87789800006,795,9.1,104,2024-02-16
P0413,StoreE,2.81,32.76,46.73,13.17,3,51,326,20161.621116,971,20.37,36,2024-02-17
P0414,StoreD,9.97,91.52,63.0,10.42,1,804,66,60079.21919999999,625,21.23,38,2024-02-18
P0415,StoreA,4.32,76.63,20.23,15.02,4,519,61,23284.377998,133,9.31,188,2024-02-19
P0416,StoreE,4.57,81.47,69.0,60.63,2,811,108,340827.30090000003,583,13.3,125,2024-02-20
P0417,StoreB,1.72,6.71,22.03,56.71,5,97,166,8382.945923000001,83,13.17,102,2024-02-21
P0418,StoreB,7.97,96.47,70.93,27.21,1,235,36,186187.611291,57,14.65,103,2024-02-22
P0419,StoreE,6.97,74.03,26.81,65.59,2,900,118,130179.378637,376,22.41,98,2024-02-23
P0420,StoreD,2.29,33.95,16.17,82.91,1,373,85,45515.22706500001,349,12.84,0,2024-02-24
P0421,StoreB,0.92,83.79,20.7,8.95,5,580,51,15523.354349999998,271,16.14,154,2024-02-25
P0422,StoreD,6.84,31.74,5.19,52.32,2,926,90,8618.704992,483,14.33,62,2024-02-26
P0423,StoreB,6.58,87.91,73.28,70.48,5,556,288,454035.317504,111,3.13,219,2024-02-27
P0424,StoreB,2.81,15.7,74.58,28.97,3,648,336,33921.146819999994,869,5.44,85,2024-02-28
P0425,StoreC,9.51,71.85,53.92,34.24,5,233,297,132650.96448,887,9.83,26,2024-02-29
P0426,StoreB,1.6,56.37,20.33,63.3,3,31,203,72541.93293,76,9.55,92,2024-03-01
P0427,StoreA,4.38,14.17,12.94,90.3,2,288,237,16557.389939999997,158,22.58,75,2024-03-02
P0428,StoreE,9.44,27.98,6.82,81.94,3,637,154,15636.085783999999,532,16.53,81,2024-03-03
P0429,StoreE,4.26,6.18,20.75,60.4,2,578,239,7745.393999999999,933,11.6,48,2024-03-04
P0430,StoreD,6.42,49.53,89.63,74.37,2,541,135,330156.236943,643,19.4,59,2024-03-05
P0431,StoreB,4.04,33.62,27.95,39.66,4,113,361,37267.66913999999,329,4.76,79,2024-03-06
P0432,StoreA,2.81,61.84,38.66,65.89,2,203,63,157525.48961599998,122,8.96,129,2024-03-07
P0433,StoreD,9.84,33.24,15.01,49.29,3,28,122,24592.377996,41,11.73,37,2024-03-08
P0434,StoreC,4.15,33.49,26.12,23.04,4,642,253,20154.442752,167,14.07,9,2024-03-09
P0435,StoreD,8.95,75.6,54.33,71.67,4,473,113,294373.63116,922,18.95,62,2024-03-10
P0436,StoreD,2.38,9.57,62.74,57.86,2,696,19,34740.40534800001,642,13.55,0,2024-03-11
P0437,StoreB,2.21,90.78,28.31,39.07,5,252,15,100409.188926,23,13.54,125,2024-03-12
P0438,StoreC,0.41,85.97,10.48,91.58,5,797,144,82510.429648,279,8.4,40,2024-03-13
P0439,StoreD,6.55,68.44,42.15,6.99,4,904,207,20164.374539999997,763,14.88,68,2024-03-14
P0440,StoreA,3.75,61.36,27.25,35.0,2,921,18,58522.1,469,7.68,196,2024-03-15
P0441,StoreA,8.66,89.77,25.86,10.4,5,385,165,24143.10288,400,17.7,163,2024-03-16
P0442,StoreE,4.78,22.61,96.19,77.82,2,61,37,169247.286138,9,9.89,77,2024-03-17
P0443,StoreC,9.69,12.5,63.55,71.7,2,514,180,56956.6875,13,9.24,6,2024-03-18
P0444,StoreC,1.94,27.75,57.9,36.48,4,429,348,58613.327999999994,924,11.16,30,2024-03-19
P0445,StoreE,8.7,80.48,44.5,69.19,4,579,104,247794.2984,923,4.78,136,2024-03-20
P0446,StoreD,7.79,8.29,45.75,42.61,1,536,99,16160.588174999999,819,21.27,18,2024-03-21
P0447,StoreC,7.73,60.37,56.39,76.84,5,690,89,261583.668812,832,17.85,25,2024-03-22
P0448,StoreA,8.46,99.57,71.16,48.15,5,140,299,341162.06778,52,15.91,212,2024-03-23
P0449,StoreA,7.63,86.29,71.7,44.17,5,742,331,273279.48081000004,209,5.7,258,2024-03-24
P0450,StoreB,6.3,54.54,21.31,93.8,3,299,78,109018.80612,550,9.65,127,2024-03-25
P0451,StoreC,1.4,11.05,52.51,28.83,2,674,72,16728.189465,612,10.9,20,2024-03-26
P0452,StoreD,0.42,83.98,44.14,16.44,4,310,175,60941.06116800001,705,8.89,12,2024-03-27
P0453,StoreE,9.22,61.9,87.7,60.53,5,470,95,328594.97390000004,402,6.17,160,2024-03-28
P0454,StoreE,6.2,15.92,64.98,97.09,1,392,344,100437.81854400001,191,6.52,51,2024-03-29
P0455,StoreD,7.99,13.92,55.59,40.89,5,641,102,31641.205392000003,51,12.58,42,2024-03-30
P0456,StoreB,4.87,91.41,15.96,10.89,2,444,223,15887.460204000003,393,6.02,84,2024-03-31
P0457,StoreE,1.26,68.57,62.54,37.23,2,757,5,159655.93319399995,653,17.49,95,2024-04-01
P0458,StoreC,1.34,83.78,16.13,53.06,4,808,121,71703.766484,680,13.14,5,2024-04-02
P0459,StoreB,6.89,88.5,37.03,20.38,3,171,235,66788.4189,823,9.43,114,2024-04-03
P0460,StoreC,4.36,59.32,18.57,67.52,4,575,115,74378.168448,621,18.03,52,2024-04-04
P0461,StoreA,2.09,54.16,70.75,99.79,5,30,162,382377.3178,719,15.88,230,2024-04-05
P0462,StoreB,4.97,45.89,24.59,47.92,1,46,225,54074.609992,939,13.93,61,2024-04-06
P0463,StoreE,0.74,35.11,42.23,38.7,4,129,229,57380.30811,300,10.17,61,2024-04-07
P0464,StoreB,5.86,46.29,90.09,43.07,3,351,181,179613.360927,622,11.44,118,2024-04-08
P0465,StoreB,2.76,78.52,24.41,15.94,4,977,248,30551.770807999997,196,8.68,144,2024-04-09
P0466,StoreB,8.0,62.18,53.24,88.91,2,844,317,294333.283112,417,7.32,192,2024-04-10
P0467,StoreB,3.17,89.79,44.83,44.41,5,621,209,178762.93793699998,664,19.23,156,2024-04-11
P0468,StoreC,4.61,47.12,6.72,41.79,5,580,143,13232.653056,420,9.7,48,2024-04-12
P0469,StoreA,0.22,62.67,80.31,67.67,5,57,344,340584.98445900006,755,10.25,188,2024-04-13
P0470,StoreD,0.82,64.97,11.56,46.99,5,105,95,35291.989868000004,640,5.86,39,2024-04-14
P0471,StoreB,3.99,61.21,50.05,66.58,5,811,345,203971.85809,617,10.7,153,2024-04-15
P0472,StoreE,4.85,71.75,58.26,10.84,5,329,243,45312.8802,522,26.68,91,2024-04-16
P0473,StoreB,6.04,27.56,64.7,82.3,1,767,85,146751.7636,356,9.39,131,2024-04-17
P0474,StoreE,2.99,53.67,70.42,94.35,3,823,183,356590.29609,148,18.74,130,2024-04-18
P0475,StoreC,6.98,14.9,29.06,66.63,5,682,120,28850.390219999997,365,13.35,33,2024-04-19
P0476,StoreE,8.62,41.53,5.95,95.68,3,382,331,23642.862880000004,364,17.71,62,2024-04-20
P0477,StoreD,7.82,51.33,73.73,19.39,5,984,91,73382.635851,971,20.13,79,2024-04-21
P0478,StoreA,0.49,66.96,55.89,50.35,4,161,69,188429.55804,652,11.61,154,2024-04-22
P0479,StoreE,4.86,95.3,84.43,62.17,5,996,132,500230.94843000005,702,10.67,194,2024-04-23
P0480,StoreE,1.14,62.06,83.03,60.26,2,285,278,310510.246868,402,9.64,84,2024-04-24
P0481,StoreA,2.5,75.64,85.12,43.14,1,70,136,277755.889152,606,10.49,116,2024-04-25
P0482,StoreD,9.87,53.1,51.08,37.12,4,766,313,100682.35775999998,492,24.26,38,2024-04-26
P0483,StoreB,1.51,65.24,36.69,17.05,4,453,186,40811.827979999995,229,3.33,115,2024-04-27
P0484,StoreE,5.04,11.74,80.2,42.22,2,885,220,39752.156559999996,575,3.67,79,2024-04-28
P0485,StoreA,6.22,29.17,47.87,20.45,5,566,45,28555.723554999997,852,4.59,223,2024-04-29
P0486,StoreC,7.05,39.38,22.43,74.76,1,834,277,66035.014584,537,9.06,0,2024-04-30
P0487,StoreA,5.64,49.89,86.22,24.84,4,396,191,106849.652472,268,16.32,187,2024-05-01
P0488,StoreC,0.2,9.34,88.84,10.56,1,514,7,8762.324736,405,13.91,40,2024-05-02
P0489,StoreD,3.33,18.3,49.3,57.47,4,25,275,51848.8593,793,8.63,20,2024-05-03
P0490,StoreB,5.23,31.3,12.19,61.55,5,312,178,23484.217849999997,11,12.47,96,2024-05-04
P0491,StoreA,0.97,97.3,41.84,87.83,4,125,333,357558.74056,320,4.9,181,2024-05-05
P0492,StoreE,3.57,36.48,81.34,59.81,4,407,38,177473.208192,713,6.67,114,2024-05-06
P0493,StoreD,0.43,50.79,90.67,37.82,3,564,292,174165.990126,126,13.11,46,2024-05-07
P0494,StoreA,0.88,23.63,24.33,81.29,5,197,177,46735.076090999995,306,15.68,172,2024-05-08
P0495,StoreE,4.03,63.02,11.36,56.33,2,810,161,40327.052575999995,702,9.63,72,2024-05-09
P0496,StoreA,1.41,31.66,88.35,12.53,2,187,330,35048.42733,511,18.88,48,2024-05-10
P0497,StoreC,5.72,24.66,41.99,58.76,5,697,103,60844.416984,89,17.69,30,2024-05-11
P0498,StoreA,6.93,54.07,56.47,91.26,2,816,160,278647.160454,355,21.42,227,2024-05-12
P0499,StoreA,8.03,5.52,96.97,42.65,5,809,286,22829.453159999994,628,12.51,270,2024-05-13
P0500,StoreA,2.08,5.73,11.32,33.15,2,715,122,2150.22834,352,18.64,133,2024-05-14
P0501,StoreD,1.76,25.81,66.59,18.63,3,483,53,32019.155576999998,689,21.78,9,2024-05-15
P0502,StoreA,1.14,8.49,12.04,19.39,2,449,33,1982.0380440000001,14,8.51,113,2024-05-16
P0503,StoreE,6.4,15.26,40.67,46.11,4,522,241,28616.981861999997,257,12.43,81,2024-05-17
P0504,StoreC,7.09,37.19,81.36,61.59,5,870,112,186357.69165599998,209,8.81,52,2024-05-18
P0505,StoreC,0.41,81.25,46.18,12.66,1,353,317,47501.902500000004,281,4.48,16,2024-05-19
P0506,StoreA,9.37,59.34,99.73,94.26,1,985,22,557828.6251320001,443,9.02,281,2024-05-20
P0507,StoreD,0.61,53.7,58.11,76.74,5,657,45,239467.70718,840,6.25,49,2024-05-21
P0508,StoreD,5.46,32.88,35.51,60.73,3,596,311,70906.453224,837,14.1,32,2024-05-22
P0509,StoreE,7.12,93.52,25.91,83.7,2,99,134,202813.73784000002,389,9.71,80,2024-05-23
P0510,StoreA,8.72,42.72,38.3,12.62,3,615,117,20648.541119999998,617,15.58,173,2024-05-24
P0511,StoreC,7.17,13.27,40.39,50.3,1,947,188,26959.557589999997,483,14.91,24,2024-05-25
P0512,StoreD,8.04,63.62,11.53,64.86,5,557,130,47577.313596,147,11.67,72,2024-05-26
P0513,StoreA,3.46,15.81,40.11,83.72,5,555,211,53090.125452,279,11.42,181,2024-05-27
P0514,StoreD,8.17,37.8,49.1,79.43,3,277,112,147420.49140000003,521,11.45,34,2024-05-28
P0515,StoreD,0.89,53.2,73.66,31.32,3,692,43,122734.05984,630,8.89,26,2024-05-29
P0516,StoreC,8.96,88.05,67.39,94.38,2,698,127,560021.61501,606,10.44,38,2024-05-30
P0517,StoreB,5.52,51.89,72.33,16.81,4,989,363,63091.35419699999,434,13.18,157,2024-05-31
P0518,StoreE,8.19,71.71,5.79,88.14,4,625,157,36595.807326,144,11.09,101,2024-06-01
P0519,StoreE,4.58,99.32,25.68,97.24,2,490,272,248014.27622399994,289,6.46,91,2024-06-02
P0520,StoreC,6.47,17.49,67.86,21.83,4,254,314,25909.402661999997,386,16.2,37,2024-06-03
P0521,StoreD,5.31,31.1,50.98,73.6,1,380,354,116691.1808,14,15.79,33,2024-06-04
P0522,StoreA,7.34,42.48,5.5,8.83,4,891,339,2063.0412,257,19.23,191,2024-06-05
P0523,StoreD,0.91,45.07,81.43,43.52,2,541,44,159720.58035200002,346,5.33,49,2024-06-06
P0524,StoreC,0.7,44.05,78.42,54.05,4,263,107,186710.37404999998,698,7.95,17,2024-06-07
P0525,StoreE,2.55,91.22,57.1,60.16,5,609,218,313353.10592,345,12.43,141,2024-06-08
P0526,StoreD,1.68,72.83,11.31,93.91,3,824,317,77354.352543,400,8.33,60,2024-06-09
P0527,StoreE,8.73,62.75,77.82,68.86,1,878,314,336257.4963,207,17.22,110,2024-06-10
P0528,StoreA,2.27,34.39,60.45,50.72,5,328,176,105440.56536000001,858,13.62,161,2024-06-11
P0529,StoreE,9.76,83.26,79.29,81.92,5,114,227,540810.0679680001,943,17.28,164,2024-06-12
P0530,StoreE,3.44,95.73,76.42,95.3,2,275,190,697184.93298,172,19.02,143,2024-06-13
P0531,StoreB,1.9,83.01,81.29,7.1,3,487,159,47909.968590000004,464,14.17,110,2024-06-14
P0532,StoreB,7.92,5.15,54.21,98.34,3,280,266,27454.708710000003,270,14.73,83,2024-06-15
P0533,StoreB,6.62,65.46,18.33,13.18,1,274,357,15814.442123999997,221,12.34,57,2024-06-16
P0534,StoreE,5.03,9.86,68.76,82.37,2,772,325,55844.685432000006,152,11.9,70,2024-06-17
P0535,StoreC,5.6,29.47,63.95,31.63,1,842,189,59610.103595,623,7.48,21,2024-06-18
P0536,StoreE,7.22,10.65,75.51,17.56,4,718,174,14121.42714,183,4.78,98,2024-06-19
P0537,StoreC,2.36,62.36,21.14,46.79,5,895,289,61682.807816,399,13.5,42,2024-06-20
P0538,StoreC,9.96,70.23,23.52,66.18,1,327,356,109316.75932800001,851,21.1,0,2024-06-21
P0539,StoreB,9.75,15.88,89.59,41.19,5,210,144,58600.568148,72,13.22,126,2024-06-22
P0540,StoreD,6.54,41.46,76.25,10.18,2,726,231,32182.288500000002,418,21.21,46,2024-06-23
P0541,StoreA,2.08,48.34,91.28,61.95,4,922,359,273352.8386400001,898,10.16,230,2024-06-24
P0542,StoreB,6.83,40.06,77.08,90.73,2,551,203,280158.344104,283,3.65,148,2024-06-25
P0543,StoreB,0.81,16.5,61.73,41.41,4,991,212,42177.948449999996,74,15.0,146,2024-06-26
P0544,StoreD,0.4,44.8,67.14,25.55,4,25,39,76851.1296,355,7.8,47,2024-06-27
P0545,StoreA,2.65,76.36,89.47,47.04,5,26,274,321373.949568,727,16.37,180,2024-06-28
P0546,StoreE,4.68,11.75,59.99,9.59,2,701,322,6759.823175,497,5.95,54,2024-06-29
P0547,StoreE,8.7,12.62,65.08,82.95,2,82,81,68127.63132,328,16.41,63,2024-06-30
P0548,StoreB,7.3,38.7,19.87,83.5,1,895,180,64208.9115,988,9.65,147,2024-07-01
P0549,StoreA,7.45,94.46,50.02,60.86,2,945,319,287556.756712,535,14.73,249,2024-07-02
P0550,StoreB,4.31,68.51,73.06,38.54,1,681,82,192905.826724,580,15.99,111,2024-07-03
P0551,StoreC,3.52,69.47,30.74,80.98,3,412,302,172933.421644,910,14.43,59,2024-07-04
P0552,StoreB,3.77,39.38,24.21,57.7,3,166,261,55010.59146000001,447,12.23,62,2024-07-05
P0553,StoreB,9.88,61.4,34.81,83.46,3,699,271,178381.89564,373,8.05,186,2024-07-06
P0554,StoreE,0.5,5.96,27.94,64.99,2,168,199,10822.290776,362,13.9,27,2024-07-07
P0555,StoreE,8.68,65.43,25.42,79.52,2,800,239,132260.09731200003,93,19.5,91,2024-07-08
P0556,StoreE,5.83,91.76,45.36,61.86,1,978,179,257475.77049600004,321,7.7,107,2024-07-09
P0557,StoreC,4.44,63.19,91.24,44.34,4,228,170,255640.301304,324,7.74,15,2024-07-10
P0558,StoreE,7.28,88.0,53.17,96.0,1,978,294,449180.16000000003,384,19.01,127,2024-07-11
P0559,StoreA,4.92,73.78,22.85,56.41,3,608,176,95100.09593,575,11.42,158,2024-07-12
P0560,StoreD,8.75,16.45,12.31,62.48,1,366,236,12652.16876,736,10.02,7,2024-07-13
P0561,StoreA,9.02,90.73,71.13,25.95,4,527,137,167471.56615499998,737,15.87,212,2024-07-14
P0562,StoreA,4.28,11.31,41.37,64.44,2,790,326,30151.134468,881,8.95,164,2024-07-15
P0563,StoreE,2.84,55.73,83.07,59.3,1,646,310,274528.82222999993,346,12.23,82,2024-07-16
P0564,StoreD,5.96,18.5,67.65,22.56,3,537,128,28234.404000000002,849,10.91,54,2024-07-17
P0565,StoreD,9.13,6.11,80.64,10.66,3,863,48,5252.292864000001,103,12.93,39,2024-07-18
P0566,StoreD,2.19,45.09,30.83,62.41,2,523,163,86757.682527,215,16.65,12,2024-07-19
P0567,StoreC,6.27,33.03,70.77,77.55,1,71,276,181275.691905,192,1.0,22,2024-07-20
P0568,StoreE,6.35,51.17,30.09,54.72,4,644,292,84252.674016,672,15.95,93,2024-07-21
P0569,StoreD,7.36,59.83,94.21,26.54,2,105,115,149594.947322,884,18.41,33,2024-07-22
P0570,StoreC,1.4,9.16,65.46,68.32,1,731,23,40965.60115199999,719,7.59,33,2024-07-23
P0571,StoreB,7.19,16.69,35.83,12.61,5,884,310,7540.814047,781,18.28,179,2024-07-24
P0572,StoreB,9.1,58.07,30.6,46.97,3,964,24,83462.96574,194,9.75,177,2024-07-25
P0573,StoreC,1.88,37.6,23.14,20.52,4,688,126,17853.71328,380,7.64,25,2024-07-26
P0574,StoreC,2.45,74.27,70.99,22.52,4,281,233,118735.06279599998,403,7.35,30,2024-07-27
P0575,StoreE,9.72,66.97,25.78,24.22,4,132,208,41815.505452,664,19.62,77,2024-07-28
P0576,StoreE,1.89,85.33,61.55,41.74,3,533,92,219221.04701,749,2.22,108,2024-07-29
P0577,StoreB,8.56,70.79,30.14,9.86,1,974,93,21037.400516,600,22.48,127,2024-07-30
P0578,StoreD,4.97,45.84,67.89,42.79,2,268,326,133165.800504,11,10.96,27,2024-07-31
P0579,StoreB,2.55,68.93,82.42,53.61,1,411,224,304569.700266,187,14.35,90,2024-08-01
P0580,StoreD,8.72,31.16,78.91,50.91,2,672,279,125179.32039599998,726,17.0,40,2024-08-02
P0581,StoreD,4.51,34.1,77.28,41.36,4,618,10,108993.85728,15,13.01,34,2024-08-03
P0582,StoreE,5.2,79.95,22.83,84.72,1,790,328,154635.90011999998,778,9.6,73,2024-08-04
P0583,StoreA,3.66,47.41,13.4,18.81,4,864,11,11949.88014,297,18.04,205,2024-08-05
P0584,StoreA,5.97,80.85,71.4,53.04,5,746,34,306183.4776,411,10.41,299,2024-08-06
P0585,StoreC,1.72,83.13,39.99,10.89,4,17,227,36202.375143000005,956,7.2,11,2024-08-07
P0586,StoreE,3.97,86.47,46.07,11.76,4,753,219,46847.993303999996,585,16.37,98,2024-08-08
P0587,StoreD,9.7,92.08,7.96,59.52,2,116,140,43625.588736,52,15.58,15,2024-08-09
P0588,StoreA,2.66,45.94,29.66,58.77,5,797,22,80078.850108,640,18.12,234,2024-08-10
P0589,StoreD,6.6,35.29,8.2,88.41,4,793,82,25583.908979999997,28,12.99,77,2024-08-11
P0590,StoreA,3.32,60.31,88.52,58.0,4,143,228,309641.1896,577,8.41,190,2024-08-12
P0591,StoreA,7.76,40.26,28.12,96.18,5,716,343,108886.45521600002,17,15.25,234,2024-08-13
P0592,StoreA,1.4,62.1,57.95,9.63,5,550,79,34655.432850000005,351,8.46,175,2024-08-14
P0593,StoreE,9.7,72.03,8.7,14.31,1,928,352,8967.518909999999,428,11.74,58,2024-08-15
P0594,StoreB,4.59,70.4,68.35,9.19,2,665,289,44220.8096,650,16.45,112,2024-08-16
P0595,StoreD,2.44,40.58,35.69,22.6,5,687,330,32731.58452,831,20.38,22,2024-08-17
P0596,StoreE,0.83,20.85,90.3,56.42,5,960,158,106225.03710000002,229,9.18,127,2024-08-18
P0597,StoreE,1.78,45.9,89.37,66.33,3,752,127,272091.16539,766,6.02,121,2024-08-19
P0598,StoreE,5.25,18.55,35.9,9.33,5,421,189,6213.266850000001,989,11.86,84,2024-08-20
P0599,StoreE,3.44,89.56,90.59,94.87,2,897,30,769703.1167480001,210,14.29,189,2024-08-21
P0600,StoreE,8.31,37.86,99.63,85.01,4,368,358,320657.022918,431,15.44,124,2024-08-22
P0601,StoreC,4.37,19.67,83.41,33.18,4,645,14,54437.586546,294,18.16,49,2024-08-23
P0602,StoreD,2.56,7.42,85.26,12.33,4,557,312,7800.3180360000015,743,14.61,5,2024-08-24
P0603,StoreE,6.21,66.35,28.66,21.14,4,49,74,40199.63374,753,7.59,77,2024-08-25
P0604,StoreD,7.1,65.51,59.79,17.06,3,677,33,66821.339874,582,11.08,41,2024-08-26
P0605,StoreC,1.75,37.36,11.39,16.71,5,105,358,7110.612984000001,104,3.97,34,2024-08-27
P0606,StoreC,1.76,11.81,14.02,54.26,4,215,195,8984.164612,204,16.6,2,2024-08-28
P0607,StoreD,0.46,43.91,99.89,28.36,1,657,330,124391.778364,53,1.0,69,2024-08-29
P0608,StoreA,7.39,34.57,36.03,39.02,4,922,28,48601.638042000006,974,7.28,247,2024-08-30
P0609,StoreB,6.67,69.33,76.08,99.0,5,424,193,522188.0136,940,10.78,221,2024-08-31
P0610,StoreA,4.8,62.55,81.63,70.01,4,71,15,357468.01456499996,375,15.22,189,2024-09-01
P0611,StoreA,8.46,39.64,86.51,95.15,3,987,76,326293.74646000005,842,11.62,277,2024-09-02
P0612,StoreA,8.08,25.7,99.77,18.54,2,841,292,47538.21006,54,12.21,163,2024-09-03
P0613,StoreE,5.9,98.86,27.94,41.3,2,784,80,114076.72892,276,11.22,96,2024-09-04
P0614,StoreC,8.7,48.13,8.83,57.7,5,758,123,24521.801830000004,335,15.21,40,2024-09-05
P0615,StoreA,2.14,70.39,44.06,12.29,2,445,18,38116.001986,31,4.97,142,2024-09-06
P0616,StoreC,1.21,18.35,17.36,5.4,2,924,101,1720.2024000000004,135,5.87,32,2024-09-07
P0617,StoreD,2.77,51.13,7.13,68.69,1,185,76,25041.413460999996,58,19.79,26,2024-09-08
P0618,StoreB,0.67,7.62,39.24,65.97,5,69,228,19725.610536,105,12.35,68,2024-09-09
P0619,StoreD,5.36,53.02,79.46,44.02,5,973,296,185454.90418399998,266,16.48,93,2024-09-10
P0620,StoreD,9.37,96.58,58.79,51.52,2,149,202,292527.376064,522,14.98,26,2024-09-11
P0621,StoreE,0.49,41.5,34.71,44.47,2,245,60,64057.47855000001,496,9.54,51,2024-09-12
P0622,StoreB,1.31,8.7,67.16,7.28,2,773,25,4253.645759999999,253,12.94,134,2024-09-13
P0623,StoreD,4.58,7.94,27.04,36.86,3,537,70,7913.753535999999,295,15.93,67,2024-09-14
P0624,StoreD,9.35,41.86,6.37,21.82,4,934,102,5818.2637239999995,668,18.91,68,2024-09-15
P0625,StoreB,3.23,20.2,77.61,14.35,3,651,325,22496.810699999998,158,10.98,97,2024-09-16
P0626,StoreB,5.12,7.22,64.26,95.89,5,98,362,44488.855908,549,17.34,96,2024-09-17
P0627,StoreD,0.51,76.84,77.42,61.94,1,909,156,368478.13643199997,631,1.0,55,2024-09-18
P0628,StoreB,1.57,48.56,8.7,74.22,4,277,362,31355.87184,67,15.25,85,2024-09-19
P0629,StoreD,9.87,32.48,84.53,34.96,1,562,358,95983.88262399999,754,12.8,13,2024-09-20
P0630,StoreD,9.65,90.51,63.85,42.35,5,662,193,244743.339225,299,17.59,83,2024-09-21
P0631,StoreE,0.15,16.03,58.52,27.51,5,943,274,25806.459756000004,463,6.83,99,2024-09-22
P0632,StoreA,9.52,95.81,64.34,14.21,1,454,323,87596.34283400001,725,8.13,110,2024-09-23
P0633,StoreD,6.43,34.83,87.12,22.01,1,103,185,66786.915096,820,14.91,12,2024-09-24
P0634,StoreC,8.69,89.4,60.76,80.76,1,945,325,438683.79744000005,101,6.84,40,2024-09-25
P0635,StoreA,4.6,62.28,60.19,69.37,5,600,112,260042.685084,56,10.3,228,2024-09-26
P0636,StoreA,5.2,83.54,99.11,56.96,2,652,312,471608.829824,332,8.54,234,2024-09-27
P0637,StoreA,4.94,98.48,76.89,50.13,1,724,164,379590.73653600004,836,11.59,204,2024-09-28
P0638,StoreE,6.7,32.4,47.02,92.63,4,232,60,141116.98824,751,17.34,100,2024-09-29
P0639,StoreD,1.48,96.31,72.2,11.91,5,393,91,82817.16162,393,8.29,47,2024-09-30
P0640,StoreE,0.4,42.0,41.98,31.66,3,500,285,55821.645599999996,743,11.77,60,2024-10-01
P0641,StoreD,3.15,41.62,26.74,38.24,3,694,152,42558.014912,874,15.27,22,2024-10-02
P0642,StoreE,7.08,37.34,61.7,79.33,4,250,224,182766.64174000002,381,10.5,101,2024-10-03
P0643,StoreE,2.1,56.43,93.18,99.29,2,520,126,522081.4553460001,92,8.09,133,2024-10-04
P0644,StoreC,6.77,19.64,93.27,27.86,1,78,192,51034.583208,791,20.23,1,2024-10-05
P0645,StoreE,9.7,57.6,37.48,88.06,5,51,114,190108.15488,447,14.45,116,2024-10-06
P0646,StoreB,1.03,56.46,55.13,83.91,1,897,261,261181.60561800003,109,13.06,116,2024-10-07
P0647,StoreC,6.76,77.38,25.11,26.34,5,920,17,51178.93081199999,317,15.89,42,2024-10-08
P0648,StoreE,4.49,84.2,99.58,42.94,3,780,9,360036.26984,168,6.26,151,2024-10-09
P0649,StoreA,8.69,46.84,98.21,43.92,1,225,91,202038.869088,812,10.54,148,2024-10-10
P0650,StoreB,1.85,33.72,66.7,97.93,4,50,138,220256.71332,982,12.8,108,2024-10-11
P0651,StoreB,6.96,29.64,81.42,22.18,2,185,332,53526.745584000004,920,3.14,94,2024-10-12
P0652,StoreB,8.4,23.49,72.93,80.92,4,33,356,138626.131644,435,13.14,112,2024-10-13
P0653,StoreC,9.45,10.48,61.35,36.75,2,802,339,23628.339000000004,442,10.4,27,2024-10-14
P0654,StoreE,6.86,37.53,10.07,74.43,1,741,51,28129.114053,218,18.98,63,2024-10-15
P0655,StoreE,5.02,30.67,48.2,44.9,1,130,194,66375.40060000001,222,14.24,35,2024-10-16
P0656,StoreA,6.22,96.81,69.1,59.94,2,631,205,400972.88574,673,19.07,230,2024-10-17
P0657,StoreA,8.7,57.98,69.37,84.1,3,442,286,338256.30565999995,528,14.15,194,2024-10-18
P0658,StoreB,5.75,37.99,40.45,81.4,5,837,92,125087.01370000002,278,12.31,189,2024-10-19
P0659,StoreA,0.4,60.14,94.46,87.31,4,758,308,495992.77836399997,569,8.68,262,2024-10-20
P0660,StoreC,9.32,18.22,20.9,10.66,4,431,144,4059.3066799999997,574,12.14,23,2024-10-21
P0661,StoreE,6.93,47.18,52.53,70.74,4,703,85,175319.568396,875,26.89,122,2024-10-22
P0662,StoreB,6.8,64.49,70.63,18.3,1,496,152,83355.19520999999,466,17.44,72,2024-10-23
P0663,StoreA,2.24,51.45,71.23,44.5,4,402,1,163082.86575000003,839,5.79,222,2024-10-24
P0664,StoreC,6.62,43.17,66.62,57.12,5,322,341,164276.286048,754,26.51,36,2024-10-25
P0665,StoreC,4.0,99.42,31.15,43.26,5,209,259,133973.32158,602,9.98,21,2024-10-26
P0666,StoreA,6.55,88.63,19.84,54.36,2,614,163,95587.667712,584,14.88,152,2024-10-27
P0667,StoreE,1.16,64.22,65.41,99.67,1,328,5,418676.81203399994,838,15.28,100,2024-10-28
P0668,StoreA,6.61,59.09,61.93,17.85,5,371,148,65321.07004500001,30,5.62,183,2024-10-29
P0669,StoreB,9.99,63.96,22.04,69.17,3,459,204,97507.454928,359,10.86,125,2024-10-30
P0670,StoreA,0.58,24.12,71.99,42.62,1,132,117,74005.31685599999,919,18.53,63,2024-10-31
P0671,StoreC,9.77,42.54,48.24,17.64,1,834,88,36199.566144000004,288,13.76,44,2024-11-01
P0672,StoreA,4.13,8.75,68.44,20.08,5,650,153,12024.908,86,17.06,222,2024-11-02
P0673,StoreE,8.72,50.18,84.55,95.18,3,120,166,403821.99442000006,234,12.09,123,2024-11-03
P0674,StoreD,7.85,56.59,21.12,88.56,2,605,160,105845.21164800001,747,13.45,44,2024-11-04
P0675,StoreA,5.71,26.64,6.82,91.17,5,451,269,16564.203216,313,21.78,155,2024-11-05
P0676,StoreE,7.41,96.58,79.01,99.2,3,964,55,756973.9513600001,365,15.89,208,2024-11-06
P0677,StoreE,8.8,91.4,62.92,24.79,1,128,227,142564.51352,777,12.68,61,2024-11-07
P0678,StoreC,4.1,73.6,71.47,38.77,3,90,336,203937.64383999998,799,8.63,16,2024-11-08
P0679,StoreE,3.34,55.67,84.62,68.58,1,603,148,323066.348532,839,8.71,98,2024-11-09
P0680,StoreE,6.71,87.65,81.27,50.96,5,574,45,363004.15788,905,19.56,165,2024-11-10
P0681,StoreE,8.1,17.41,96.29,44.75,5,28,143,75019.29827500001,269,17.88,98,2024-11-11
P0682,StoreE,7.65,80.1,55.91,38.99,4,721,237,174612.46508999998,698,8.08,123,2024-11-12
P0683,StoreB,8.0,16.86,51.41,61.41,4,523,271,53228.50536599999,131,14.44,100,2024-11-13
P0684,StoreB,4.41,80.45,43.18,59.68,4,332,119,207318.23408,803,11.87,113,2024-11-14
P0685,StoreC,8.2,31.2,19.6,20.34,5,296,339,12438.316799999999,993,15.68,0,2024-11-15
P0686,StoreA,1.29,88.32,59.4,49.82,2,129,219,261366.08255999998,789,7.63,116,2024-11-16
P0687,StoreE,5.49,94.68,31.32,57.58,5,292,7,170746.44220800002,832,18.23,123,2024-11-17
P0688,StoreA,0.16,19.14,92.52,59.18,3,172,343,104797.885104,351,10.07,109,2024-11-18
P0689,StoreA,3.31,48.95,60.4,24.96,5,719,274,73796.2368,180,13.52,211,2024-11-19
P0690,StoreC,3.73,98.19,61.32,75.52,5,943,352,454706.73561599996,802,7.94,37,2024-11-20
P0691,StoreE,4.02,50.92,38.72,7.39,1,23,65,14570.289535999998,480,8.34,30,2024-11-21
P0692,StoreE,6.99,87.04,9.94,38.71,1,98,78,33491.024896,889,26.78,39,2024-11-22
P0693,StoreD,3.95,60.93,8.02,79.12,1,405,85,38662.668432,163,20.98,36,2024-11-23
P0694,StoreA,4.54,40.66,45.22,58.57,5,355,123,107689.44936399999,783,11.92,166,2024-11-24
P0695,StoreA,2.45,32.15,13.03,29.81,2,138,201,12487.841245,888,18.89,49,2024-11-25
P0696,StoreB,3.8,24.31,62.65,71.02,3,502,149,108164.98692999998,96,17.96,140,2024-11-26
P0697,StoreD,2.35,77.37,88.69,58.9,3,825,45,404168.57817,774,8.05,62,2024-11-27
P0698,StoreB,0.82,41.72,88.88,80.64,2,173,112,299019.05510399997,510,6.79,97,2024-11-28
P0699,StoreB,6.07,53.57,67.61,74.83,2,28,90,271024.359991,365,16.38,118,2024-11-29
P0700,StoreB,6.72,51.77,25.07,62.96,3,930,140,81714.140744,981,14.66,174,2024-11-30
P0701,StoreC,6.23,59.84,86.98,51.38,4,495,288,267426.89881600003,353,11.1,25,2024-12-01
P0702,StoreC,4.69,87.23,89.18,17.65,1,654,217,137302.37521,800,15.95,24,2024-12-02
P0703,StoreB,3.86,98.17,23.68,29.83,1,827,76,69344.77484799999,436,4.72,122,2024-12-03
P0704,StoreD,8.65,43.72,75.06,44.81,3,350,333,147049.535592,83,14.9,0,2024-12-04
P0705,StoreA,5.24,83.61,32.22,61.93,2,553,151,166834.10640599998,225,6.43,147,2024-12-05
P0706,StoreD,4.84,77.63,81.25,53.8,4,298,322,339340.13749999995,412,6.39,64,2024-12-06
P0707,StoreE,0.35,59.49,99.74,32.38,3,719,238,192127.785588,735,6.64,103,2024-12-07
P0708,StoreC,3.48,95.82,7.85,5.61,1,841,114,4219.769069999999,981,13.56,28,2024-12-08
P0709,StoreA,3.86,24.05,90.25,52.14,5,944,318,113170.52175000001,118,8.55,236,2024-12-09
P0710,StoreA,4.05,15.38,64.15,32.13,2,191,93,31700.32551000001,482,5.93,125,2024-12-10
P0711,StoreE,5.84,86.13,97.47,74.79,5,671,47,627868.863369,192,15.31,203,2024-12-11
P0712,StoreE,5.38,46.72,49.18,7.27,3,63,190,16704.203392,591,20.15,51,2024-12-12
P0713,StoreB,6.12,85.46,85.5,60.56,1,754,11,442501.62479999993,590,16.25,172,2024-12-13
P0714,StoreC,7.67,89.84,10.93,94.44,4,769,155,92735.471328,659,22.84,19,2024-12-14
P0715,StoreC,8.15,10.93,36.85,21.57,5,663,171,8687.759685,107,21.12,18,2024-12-15
P0716,StoreD,7.21,88.93,11.37,49.81,4,214,295,50364.589521,382,11.17,38,2024-12-16
P0717,StoreB,9.56,47.59,97.66,13.69,1,833,176,63626.183386,783,17.94,128,2024-12-17
P0718,StoreB,0.28,53.49,82.61,64.44,5,165,340,284748.045516,390,9.68,129,2024-12-18
P0719,StoreB,2.04,64.53,85.99,57.3,4,542,56,317953.95830999996,244,16.33,169,2024-12-19
P0720,StoreB,0.17,93.01,94.11,43.7,4,882,342,382513.57707,585,9.63,174,2024-12-20
P0721,StoreC,6.51,6.82,13.08,54.53,5,231,339,4864.381368,869,9.31,16,2024-12-21
P0722,StoreC,8.99,50.3,41.63,90.17,1,793,202,188814.98813,468,21.36,14,2024-12-22
P0723,StoreB,2.51,70.33,11.75,23.65,4,540,184,19543.827875,866,12.84,110,2024-12-23
P0724,StoreD,9.28,73.66,25.03,7.14,3,194,120,13164.087972,934,11.32,43,2024-12-24
P0725,StoreA,0.7,70.79,26.79,86.86,5,505,225,164726.871726,538,7.86,206,2024-12-25
P0726,StoreA,9.35,17.77,49.57,59.83,2,333,201,52701.787986999996,210,11.33,111,2024-12-26
P0727,StoreD,3.58,33.44,30.51,89.61,2,767,329,91424.996784,604,6.78,24,2024-12-27
P0728,StoreB,1.1,39.08,14.59,61.71,1,792,362,35185.635012,637,8.16,69,2024-12-28
P0729,StoreC,4.91,81.42,20.91,81.97,3,303,355,139553.285634,947,14.32,18,2024-12-29
P0730,StoreA,2.64,31.48,18.99,45.82,4,832,215,27391.434264,73,11.64,161,2024-12-30
P0731,StoreE,2.92,25.02,97.44,76.24,2,436,42,185869.21651199998,992,9.27,91,2024-12-31
P0732,StoreE,3.14,95.96,77.13,91.74,1,322,22,679003.9589519999,635,19.05,139,2025-01-01
P0733,StoreD,8.05,5.84,96.94,59.35,3,501,154,33599.79176,309,3.97,48,2025-01-02
P0734,StoreB,5.44,99.79,46.78,22.17,3,857,185,103493.46635400002,696,14.25,146,2025-01-03
P0735,StoreA,3.18,69.3,31.45,30.54,1,913,248,66561.47189999999,699,10.88,135,2025-01-04
P0736,StoreB,6.14,83.7,80.84,23.87,1,392,236,161511.77196000004,710,8.22,77,2025-01-05
P0737,StoreA,7.19,32.99,35.99,28.45,4,805,292,33778.972345,590,15.42,185,2025-01-06
P0738,StoreD,2.8,6.36,33.44,34.11,1,598,133,7254.4602239999995,860,10.3,19,2025-01-07
P0739,StoreD,4.19,75.1,27.09,57.74,4,148,320,117469.66265999999,186,18.33,56,2025-01-08
P0740,StoreE,1.31,84.24,17.32,60.86,4,760,21,88796.979648,856,15.0,108,2025-01-09
P0741,StoreB,1.89,75.35,29.36,45.52,5,832,360,100702.80352,253,20.48,135,2025-01-10
P0742,StoreE,6.84,18.57,38.76,63.46,3,404,87,45676.807272,13,11.0,77,2025-01-11
P0743,StoreB,1.9,76.58,69.03,12.75,3,282,152,67400.54685,299,17.93,101,2025-01-12
P0744,StoreE,5.3,78.05,10.94,13.34,3,361,124,11390.58578,76,6.82,67,2025-01-13
P0745,StoreC,7.12,67.56,25.0,21.32,5,378,78,36009.48,51,13.01,8,2025-01-14
P0746,StoreC,1.16,77.78,81.86,54.22,4,197,345,345222.578776,787,8.25,0,2025-01-15
P0747,StoreC,5.72,85.36,18.96,25.33,4,555,50,40994.720448,149,15.87,47,2025-01-16
P0748,StoreC,2.64,63.29,37.55,31.91,1,355,215,75835.375445,731,14.21,10,2025-01-17
P0749,StoreA,9.63,13.42,87.14,43.03,5,539,175,50320.090963999995,122,10.31,219,2025-01-18
P0750,StoreC,4.89,51.32,19.72,82.13,1,428,357,83118.05675199999,211,15.74,5,2025-01-19
P0751,StoreD,8.08,12.38,12.86,6.32,5,16,252,1006.1869760000002,280,12.14,15,2025-01-20
P0752,StoreD,5.55,43.72,51.03,66.69,1,638,245,148787.497404,538,8.69,19,2025-01-21
P0753,StoreA,0.53,43.68,33.73,68.54,2,378,226,100981.791456,685,10.21,87,2025-01-22
P0754,StoreC,6.37,11.27,58.52,80.87,3,679,105,53335.414748,156,5.8,41,2025-01-23
P0755,StoreC,9.52,38.14,81.36,93.61,3,505,192,290478.42014400003,238,19.42,54,2025-01-24
P0756,StoreC,6.06,15.54,18.03,6.91,4,755,315,1936.086642,376,12.75,27,2025-01-25
P0757,StoreE,8.21,81.78,60.17,19.61,2,898,301,96494.97798600001,82,13.94,92,2025-01-26
P0758,StoreB,8.85,95.03,53.02,89.19,3,75,35,449382.976614,492,13.99,169,2025-01-27
P0759,StoreE,2.36,11.87,18.69,48.56,4,230,203,10773.050568,356,19.41,55,2025-01-28
P0760,StoreB,2.2,95.74,64.28,58.64,2,715,266,360880.364608,925,18.69,155,2025-01-29
P0761,StoreC,6.15,54.64,31.0,67.99,3,961,267,115164.18159999998,273,19.83,29,2025-01-30
P0762,StoreC,4.17,33.46,51.34,69.51,1,247,169,119406.80816400002,580,11.66,11,2025-01-31
P0763,StoreE,8.41,12.3,12.82,93.52,5,301,38,14746.79472,44,8.63,98,2025-02-01
P0764,StoreE,9.01,52.56,48.66,99.71,2,725,138,255015.26481599995,573,14.43,114,2025-02-02
P0765,StoreB,3.6,80.48,34.11,73.41,4,214,291,201523.135248,123,13.37,127,2025-02-03
P0766,StoreD,2.45,72.17,83.13,32.29,2,157,51,193723.59990899998,349,15.29,25,2025-02-04
P0767,StoreB,7.83,9.77,10.41,88.58,4,68,286,9009.090906,708,15.47,81,2025-02-05
P0768,StoreE,2.82,11.93,44.77,9.68,2,392,288,5170.147048,330,6.28,36,2025-02-06
P0769,StoreE,8.24,43.27,48.55,26.95,4,84,140,56615.441575,409,11.44,81,2025-02-07
P0770,StoreA,4.3,33.05,73.88,90.25,3,266,145,220366.49349999995,991,9.02,185,2025-02-08
P0771,StoreE,6.71,27.08,59.56,29.34,1,68,313,47322.040032000004,323,16.05,27,2025-02-09
P0772,StoreA,1.05,31.7,68.39,25.96,3,610,183,56280.319480000006,111,13.34,152,2025-02-10
P0773,StoreD,6.28,81.33,78.82,18.12,1,346,151,116157.00247200001,770,16.61,18,2025-02-11
P0774,StoreB,4.57,93.28,86.91,86.62,3,961,200,702225.290976,89,13.79,234,2025-02-12
P0775,StoreB,5.91,43.48,34.82,52.51,3,727,127,79498.75373599998,433,2.66,146,2025-02-13
P0776,StoreA,1.76,91.08,56.11,69.11,2,926,286,353186.57206800004,710,2.25,228,2025-02-14
P0777,StoreB,7.4,35.54,84.81,27.71,5,672,310,83522.024454,794,13.0,153,2025-02-15
P0778,StoreE,8.64,50.26,99.0,77.01,4,422,252,383181.7374,712,14.81,141,2025-02-16
P0779,StoreC,2.25,26.47,89.5,77.2,4,605,265,182891.818,99,17.39,28,2025-02-17
P0780,StoreA,1.05,65.85,40.29,34.7,4,173,187,92062.44855,539,10.91,119,2025-02-18
P0781,StoreB,0.33,98.0,23.54,44.01,1,676,229,101527.5492,601,5.29,114,2025-02-19
P0782,StoreA,6.46,62.33,51.49,24.92,4,114,270,79977.54276400001,146,16.54,126,2025-02-20
P0783,StoreA,6.11,38.99,75.46,97.77,4,219,258,287657.46655799996,694,12.97,175,2025-02-21
P0784,StoreC,5.51,66.54,51.79,66.33,2,955,298,228580.250778,257,10.74,60,2025-02-22
P0785,StoreE,2.4,16.68,50.9,93.78,3,30,197,79620.34535999999,189,3.13,57,2025-02-23
P0786,StoreA,3.97,89.42,84.63,33.82,4,522,322,255936.725772,240,12.41,181,2025-02-24
P0787,StoreB,5.99,52.79,39.33,79.28,5,342,55,164603.569896,871,14.14,147,2025-02-25
P0788,StoreD,5.02,47.69,86.68,77.76,4,376,318,321441.892992,899,7.53,58,2025-02-26
P0789,StoreA,9.88,60.66,43.65,70.71,1,129,202,187226.57438999997,503,18.66,112,2025-02-27
P0790,StoreA,1.45,64.35,36.18,96.74,1,999,270,225228.42341999998,708,14.0,183,2025-02-28
P0791,StoreC,6.98,11.82,48.13,42.39,1,616,108,24115.526874000003,809,13.73,10,2025-03-01
P0792,StoreE,4.1,69.85,77.43,17.42,4,538,115,94215.81741,677,12.11,106,2025-03-02
P0793,StoreD,4.34,27.98,16.97,68.81,2,738,91,32672.405486,819,16.9,4,2025-03-03
P0794,StoreB,7.2,72.83,23.66,74.28,5,1,137,127996.16138399999,271,15.44,122,2025-03-04
P0795,StoreD,6.96,83.14,95.39,59.63,4,870,302,472909.10789800005,520,9.97,63,2025-03-05
P0796,StoreB,9.91,81.38,21.67,24.65,2,100,56,43470.38839,550,13.97,82,2025-03-06
P0797,StoreE,1.37,57.49,58.93,52.92,2,532,49,179286.91124400002,114,13.47,86,2025-03-07
P0798,StoreB,1.13,54.42,60.03,34.66,4,57,70,113228.41791599999,339,1.0,126,2025-03-08
P0799,StoreC,7.27,18.57,51.51,45.61,4,388,81,43627.821327,568,8.98,10,2025-03-09
P0800,StoreC,5.83,78.66,66.25,66.3,2,691,104,345504.21749999997,943,16.33,0,2025-03-10
P0801,StoreC,2.81,30.78,26.83,75.8,2,940,87,62597.71692,986,17.45,10,2025-03-11
P0802,StoreC,0.89,52.19,57.5,27.06,2,340,1,81205.0305,359,15.55,33,2025-03-12
P0803,StoreD,0.95,32.01,40.36,43.51,4,860,359,56211.59583599999,650,14.94,18,2025-03-13
P0804,StoreE,8.95,17.71,67.86,30.57,2,19,83,36739.044342,614,15.12,54,2025-03-14
P0805,StoreB,2.0,64.81,18.42,23.87,1,254,42,28496.010774000006,334,5.86,79,2025-03-15
P0806,StoreB,3.3,10.16,59.23,79.42,4,316,153,47793.113456,689,10.67,110,2025-03-16
P0807,StoreC,2.34,76.12,22.6,91.38,1,37,326,157202.11056,169,1.2,28,2025-03-17
P0808,StoreC,3.61,35.17,31.47,40.17,3,659,93,44460.151983,339,18.31,0,2025-03-18
P0809,StoreA,0.79,5.01,25.78,76.37,4,536,297,9863.781186000002,798,6.31,138,2025-03-19
P0810,StoreE,5.24,53.56,22.37,90.21,3,385,132,108083.956812,261,9.95,83,2025-03-20
P0811,StoreD,0.77,9.45,83.44,85.38,2,632,64,67322.81304,887,15.68,18,2025-03-21
P0812,StoreB,8.02,31.24,32.14,22.37,2,927,289,22460.679032,735,5.94,146,2025-03-22
P0813,StoreA,2.41,72.16,93.08,95.85,5,25,256,643791.17088,199,5.26,247,2025-03-23
P0814,StoreA,5.45,10.96,97.14,40.78,2,453,212,43416.60643200001,211,14.06,127,2025-03-24
P0815,StoreB,8.81,84.74,59.27,37.23,3,680,147,186989.15675399997,287,17.01,176,2025-03-25
P0816,StoreD,6.54,5.36,18.59,10.93,2,322,60,1089.0914320000002,692,12.91,36,2025-03-26
P0817,StoreA,5.38,28.45,40.58,51.19,4,736,148,59098.906189999994,762,12.49,191,2025-03-27
P0818,StoreA,3.31,75.39,80.78,15.36,2,512,87,93542.464512,743,18.0,145,2025-03-28
P0819,StoreE,3.4,35.05,39.9,28.61,5,818,323,40010.94194999999,472,14.88,97,2025-03-29
P0820,StoreD,6.73,14.68,13.27,35.11,2,772,277,6839.5543959999995,482,15.87,40,2025-03-30
P0821,StoreA,9.94,39.22,57.89,81.84,3,12,81,185813.28427200002,23,18.85,132,2025-03-31
P0822,StoreD,6.65,30.69,85.29,88.17,3,914,128,230789.39231700005,560,11.82,60,2025-04-01
P0823,StoreB,5.62,85.06,80.61,33.73,2,907,285,231276.03901799998,109,23.68,158,2025-04-02
P0824,StoreC,7.33,34.77,21.64,86.58,3,559,352,65144.766024000004,296,2.13,20,2025-04-03
P0825,StoreA,4.71,79.95,68.91,86.44,3,920,279,476228.60298,6,19.64,275,2025-04-04
P0826,StoreE,0.7,89.73,25.95,77.64,5,824,269,180784.23534,550,14.86,122,2025-04-05
P0827,StoreB,5.67,46.21,25.73,18.94,4,370,291,22519.343702000002,681,14.08,105,2025-04-06
P0828,StoreD,9.58,91.44,88.04,70.58,5,290,202,568195.651008,868,15.19,81,2025-04-07
P0829,StoreB,1.84,40.85,28.72,94.78,1,331,23,111197.03336,795,10.14,90,2025-04-08
P0830,StoreA,6.93,96.59,30.01,69.84,5,605,350,202442.82645600004,203,18.98,218,2025-04-09
P0831,StoreD,2.09,13.48,5.06,36.5,2,260,310,2489.6212,325,10.85,30,2025-04-10
P0832,StoreC,5.4,70.27,87.71,52.56,4,993,207,323947.34215199994,825,9.06,38,2025-04-11
P0833,StoreB,1.06,51.91,80.3,66.34,2,789,279,276529.86481999996,785,15.04,122,2025-04-12
P0834,StoreA,4.56,41.83,64.6,53.5,1,870,204,144568.663,244,20.2,131,2025-04-13
P0835,StoreE,7.59,65.11,76.28,16.4,4,204,151,81452.08911999999,327,4.16,96,2025-04-14
P0836,StoreD,3.54,71.87,19.44,34.65,3,696,25,48411.34452,987,23.56,55,2025-04-15
P0837,StoreB,6.68,5.41,48.54,81.23,5,686,193,21331.111722,47,8.16,145,2025-04-16
P0838,StoreB,7.97,20.86,38.37,86.83,2,949,335,69498.575706,761,9.18,137,2025-04-17
P0839,StoreC,9.28,72.74,13.91,18.04,1,386,237,18253.113735999996,591,8.42,14,2025-04-18
P0840,StoreC,2.42,68.31,51.18,95.48,3,891,320,333808.181784,622,11.21,24,2025-04-19
P0841,StoreE,4.05,96.77,92.47,36.24,5,820,74,324287.185656,13,5.63,169,2025-04-20
P0842,StoreE,1.61,77.3,8.81,67.92,3,467,162,46254.40296000001,907,5.01,71,2025-04-21
P0843,StoreA,9.93,95.32,32.69,76.42,5,414,298,238125.54533599998,380,11.52,235,2025-04-22
P0844,StoreA,9.28,71.74,24.72,82.13,4,68,28,145650.39326399998,365,15.33,215,2025-04-23
P0845,StoreE,5.45,33.31,27.62,94.85,3,471,164,87264.10567,602,13.9,80,2025-04-24
P0846,StoreE,8.44,15.01,91.3,34.73,3,103,336,47594.44349,342,20.43,60,2025-04-25
P0847,StoreD,5.26,79.27,49.47,86.56,3,757,185,339443.906064,860,18.72,31,2025-04-26
P0848,StoreC,6.27,66.19,49.3,17.51,4,160,53,57138.05417,792,18.26,0,2025-04-27
P0849,StoreA,0.98,9.58,77.25,71.98,1,199,294,53269.1589,221,9.18,57,2025-04-28
P0850,StoreC,7.58,39.2,19.68,75.49,5,215,41,58237.21344,73,4.58,12,2025-04-29
P0851,StoreC,1.36,95.9,51.29,69.38,3,945,284,341260.16917999997,746,1.36,26,2025-04-30
P0852,StoreE,8.28,52.54,45.85,28.97,4,211,137,69787.54222999999,772,19.23,87,2025-05-01
P0853,StoreD,7.84,46.11,61.71,87.94,1,507,186,250228.705914,625,18.14,57,2025-05-02
P0854,StoreB,7.12,48.48,99.96,21.04,5,15,203,101961.11923199998,46,10.48,106,2025-05-03
P0855,StoreD,0.46,24.84,78.1,10.1,4,497,41,19594.040399999998,504,3.03,7,2025-05-04
P0856,StoreD,3.1,40.03,42.8,73.16,5,883,349,125343.85743999999,274,6.31,41,2025-05-05
P0857,StoreC,2.7,40.13,83.62,50.17,3,331,287,168353.99400200002,555,12.22,12,2025-05-06
P0858,StoreD,3.67,9.97,21.22,85.66,1,716,25,18122.520844,208,12.72,29,2025-05-07
P0859,StoreA,0.97,77.92,7.89,41.42,4,876,55,25464.552096000003,929,15.7,176,2025-05-08
P0860,StoreC,9.38,44.57,24.42,20.99,1,550,252,22845.503406,861,12.44,35,2025-05-09
P0861,StoreA,5.58,83.11,37.34,84.46,3,600,121,262107.032204,615,11.57,200,2025-05-10
P0862,StoreB,3.12,85.78,53.51,57.15,1,941,105,262323.51777000003,124,17.19,153,2025-05-11
P0863,StoreC,4.03,25.14,63.44,22.97,1,255,129,36634.430351999996,10,1.39,15,2025-05-12
P0864,StoreB,4.53,67.45,91.51,73.44,2,991,336,453297.34728,329,13.85,194,2025-05-13
P0865,StoreC,6.05,49.87,53.44,53.56,1,765,157,142740.227968,187,11.35,21,2025-05-14
P0866,StoreE,5.21,88.61,52.62,62.41,5,727,230,290996.498262,543,16.17,146,2025-05-15
P0867,StoreD,9.2,25.5,9.77,48.79,4,879,307,12155.29665,668,17.16,41,2025-05-16
P0868,StoreE,5.02,69.39,8.32,83.73,2,814,90,48339.405504,60,9.03,83,2025-05-17
P0869,StoreB,9.92,62.74,57.36,83.81,4,171,21,301612.611984,761,12.42,198,2025-05-18
P0870,StoreD,8.53,33.05,46.63,72.39,4,648,289,111561.785385,899,2.76,54,2025-05-19
P0871,StoreC,2.16,17.98,84.72,15.01,3,999,109,22864.216656,886,14.83,28,2025-05-20
P0872,StoreD,9.31,66.91,20.26,84.69,3,497,48,114805.476054,951,15.85,61,2025-05-21
P0873,StoreA,1.25,75.17,7.37,68.75,2,470,128,38087.699375000004,782,17.62,109,2025-05-22
P0874,StoreD,8.19,34.98,47.66,71.22,3,383,72,118734.19509599998,442,12.1,61,2025-05-23
P0875,StoreA,3.87,66.26,27.56,39.48,3,689,339,72095.438688,217,16.51,143,2025-05-24
P0876,StoreD,8.79,42.54,9.71,88.53,3,588,52,36568.502802,911,9.05,40,2025-05-25
P0877,StoreA,8.69,72.75,73.84,73.91,4,699,355,397034.17260000005,2,1.0,253,2025-05-26
P0878,StoreB,8.08,23.93,15.6,15.7,2,506,167,5860.9356,536,13.57,128,2025-05-27
P0879,StoreE,7.92,89.57,62.79,43.74,4,991,44,245998.14712199997,718,11.13,156,2025-05-28
P0880,StoreC,3.12,32.3,31.7,89.21,5,526,104,91343.01109999997,832,6.31,13,2025-05-29
P0881,StoreD,0.9,39.94,21.48,9.48,4,803,149,8132.998176,711,14.94,47,2025-05-30
P0882,StoreE,4.09,10.52,41.08,96.33,5,830,145,41630.126928,356,18.09,111,2025-05-31
P0883,StoreC,1.82,15.59,81.14,69.52,1,324,203,87940.895152,626,11.44,7,2025-06-01
P0884,StoreC,6.98,54.01,42.25,64.98,1,213,361,148279.32405000002,792,12.58,18,2025-06-02
P0885,StoreA,3.53,30.42,76.32,30.7,5,207,298,71274.79007999999,667,12.08,170,2025-06-03
P0886,StoreB,9.76,84.37,16.92,28.64,5,168,166,40884.75705600001,165,11.62,133,2025-06-04
P0887,StoreB,6.45,6.4,78.41,94.5,4,329,200,47422.368,998,16.04,103,2025-06-05
P0888,StoreE,8.24,41.01,27.51,33.34,5,279,133,37613.691234,734,6.42,96,2025-06-06
P0889,StoreB,1.41,37.05,69.35,78.67,2,977,210,202136.07472499998,91,5.34,158,2025-06-07
P0890,StoreD,8.63,6.84,58.75,42.35,1,304,47,17018.3475,167,10.36,0,2025-06-08
P0891,StoreB,9.24,16.81,93.27,18.23,1,145,125,28582.246400999997,959,17.33,50,2025-06-09
P0892,StoreE,4.92,44.3,41.8,6.02,5,774,238,11147.474799999998,207,10.95,101,2025-06-10
P0893,StoreB,6.1,51.82,11.29,56.7,3,515,6,33172.21026,282,19.85,96,2025-06-11
P0894,StoreD,7.67,43.41,6.82,97.7,3,89,271,28924.69074,65,17.85,20,2025-06-12
P0895,StoreA,1.83,55.44,83.55,40.07,5,452,36,185604.72084,888,6.91,212,2025-06-13
P0896,StoreE,5.08,61.54,54.85,38.93,2,59,210,131407.00817000002,516,15.71,57,2025-06-14
P0897,StoreA,4.05,5.94,78.65,37.69,3,310,164,17608.05189,157,9.98,121,2025-06-15
P0898,StoreA,1.55,49.09,27.27,54.45,5,527,124,72891.36013500001,761,13.14,206,2025-06-16
P0899,StoreA,3.74,96.53,37.78,46.86,2,226,336,170893.893324,769,16.13,103,2025-06-17
P0900,StoreC,0.77,54.31,7.86,88.59,2,473,191,37816.997994000005,747,15.96,42,2025-06-18
P0901,StoreC,0.36,69.37,96.34,53.02,4,977,217,354338.26951600006,306,11.19,18,2025-06-19
P0902,StoreA,1.44,34.63,68.45,53.24,2,540,213,126201.34714000003,878,18.72,149,2025-06-20
P0903,StoreE,9.63,78.53,93.65,18.15,3,662,61,133481.171175,982,17.02,121,2025-06-21
P0904,StoreD,5.54,78.43,30.22,98.36,3,756,327,233128.40645600003,395,13.45,72,2025-06-22
P0905,StoreD,9.66,54.52,63.09,28.75,5,781,160,98890.42050000001,74,13.32,80,2025-06-23
P0906,StoreB,4.38,97.72,69.46,11.97,5,78,65,81247.94546399999,187,9.03,82,2025-06-24
P0907,StoreE,3.19,16.93,35.17,68.0,2,432,285,40489.110799999995,574,13.69,46,2025-06-25
P0908,StoreC,5.11,6.61,85.57,61.56,1,800,238,34819.425612,337,13.06,35,2025-06-26
P0909,StoreA,4.45,78.17,94.98,44.44,4,152,19,329948.628504,676,13.53,223,2025-06-27
P0910,StoreB,1.15,81.68,89.06,45.11,1,788,187,328149.122288,568,12.98,115,2025-06-28
P0911,StoreD,6.44,16.42,75.21,79.58,2,400,81,98277.177756,623,14.5,45,2025-06-29
P0912,StoreC,2.24,30.23,31.36,23.59,2,278,362,22363.621951999998,730,21.19,13,2025-06-30
P0913,StoreC,6.23,6.67,31.75,82.92,1,56,201,17560.1757,240,10.48,16,2025-07-01
P0914,StoreA,6.54,32.86,96.52,66.63,4,976,131,211326.85293599998,533,15.43,272,2025-07-02
P0915,StoreD,1.61,78.45,5.98,44.8,1,185,36,21017.0688,141,9.67,36,2025-07-03
P0916,StoreE,0.71,54.21,73.02,48.51,5,397,131,192022.67284199997,265,1.0,118,2025-07-04
P0917,StoreC,7.83,38.07,72.09,29.38,3,604,76,80632.41989399999,139,12.95,32,2025-07-05
P0918,StoreA,4.65,40.32,64.16,76.45,5,787,88,197770.89024,459,7.64,261,2025-07-06
P0919,StoreE,0.68,5.13,99.06,53.72,3,157,252,27299.311416,70,10.01,53,2025-07-07
P0920,StoreD,9.95,33.48,34.63,35.48,2,786,343,41135.951951999996,385,14.84,37,2025-07-08
P0921,StoreC,0.67,66.41,37.3,61.62,4,692,193,152638.47066,630,12.26,32,2025-07-09
P0922,StoreE,6.98,97.55,12.5,99.59,1,358,175,121437.55625000001,198,10.84,65,2025-07-10
P0923,StoreE,9.84,85.47,47.07,46.35,4,439,32,186469.428915,205,12.89,127,2025-07-11
P0924,StoreE,2.47,7.24,29.8,92.47,1,588,57,19950.58744,726,14.74,48,2025-07-12
P0925,StoreC,1.51,90.36,37.62,37.78,5,465,200,128427.18609599999,568,6.71,16,2025-07-13
P0926,StoreC,1.3,79.4,84.28,10.2,5,662,27,68256.68639999999,799,1.46,53,2025-07-14
P0927,StoreB,3.1,79.14,93.87,24.4,1,445,34,181264.47192,982,12.34,91,2025-07-15
P0928,StoreD,1.1,48.51,22.64,44.78,4,749,124,49180.369392,805,15.9,59,2025-07-16
P0929,StoreA,6.95,42.81,40.39,25.87,1,800,320,44731.710933,687,16.92,148,2025-07-17
P0930,StoreE,0.72,33.78,93.22,5.02,2,742,41,15807.837431999998,859,11.24,74,2025-07-18
P0931,StoreB,5.14,11.24,10.87,91.93,5,487,84,11231.897084,882,18.82,126,2025-07-19
P0932,StoreA,9.97,26.68,13.77,85.17,2,529,187,31290.061212,974,20.4,131,2025-07-20
P0933,StoreB,8.16,28.43,20.47,75.52,5,72,110,43949.77779199999,640,12.43,129,2025-07-21
P0934,StoreC,6.19,50.99,61.55,20.94,5,928,270,65718.81843,431,14.33,64,2025-07-22
P0935,StoreE,3.13,76.01,19.29,16.43,3,927,324,24090.206546999998,890,13.02,76,2025-07-23
P0936,StoreA,6.28,50.01,96.97,11.42,2,700,104,55380.943973999994,325,12.71,165,2025-07-24
P0937,StoreA,5.32,10.5,47.44,73.78,2,949,319,36751.293600000005,442,18.33,152,2025-07-25
P0938,StoreA,4.32,95.99,52.64,93.24,3,16,40,471133.66406399995,804,11.4,191,2025-07-26
P0939,StoreA,1.39,94.56,28.43,45.9,4,530,214,123394.84272,288,8.19,172,2025-07-27
P0940,StoreA,8.88,79.59,49.74,16.32,2,730,70,64607.723712000006,226,1.48,185,2025-07-28
P0941,StoreB,4.55,99.18,67.88,53.68,1,325,55,361391.925312,64,8.28,146,2025-07-29
P0942,StoreE,2.03,56.73,76.36,38.14,3,994,235,165218.772792,967,4.44,110,2025-07-30
P0943,StoreC,3.74,96.46,76.62,40.61,2,631,280,300138.974772,938,11.67,28,2025-07-31
P0944,StoreC,4.2,12.18,59.9,64.03,4,612,104,46715.13546,560,5.83,27,2025-08-01
P0945,StoreC,8.29,39.74,90.91,73.28,2,545,161,264743.301952,714,17.19,21,2025-08-02
P0946,StoreC,7.36,26.41,82.65,15.51,5,595,190,33855.018615,498,19.22,31,2025-08-03
P0947,StoreB,7.72,23.6,76.92,8.38,1,920,8,15212.314560000003,849,13.7,156,2025-08-04
P0948,StoreD,0.21,18.38,10.28,99.46,3,707,59,18792.608943999996,926,5.18,39,2025-08-05
P0949,StoreE,4.22,64.13,5.65,27.11,5,841,304,9822.888294999999,917,13.54,96,2025-08-06
P0950,StoreA,4.87,79.23,25.18,10.11,4,201,224,20169.565254,60,21.9,113,2025-08-07
P0951,StoreD,0.29,59.94,68.03,23.04,5,343,306,93950.62732799999,397,18.06,48,2025-08-08
P0952,StoreC,2.67,18.96,44.06,8.7,5,852,187,7267.78512,257,4.3,21,2025-08-09
P0953,StoreD,7.63,82.06,43.23,42.22,4,522,69,149773.49943599998,577,6.6,54,2025-08-10
P0954,StoreE,1.46,65.42,89.04,81.23,5,858,292,473164.49006400007,239,2.23,169,2025-08-11
P0955,StoreA,5.4,41.88,90.08,37.42,3,399,286,141168.835968,801,7.02,144,2025-08-12
P0956,StoreA,2.23,69.04,91.37,47.2,2,217,168,297746.32256000006,38,12.37,115,2025-08-13
P0957,StoreE,0.22,29.69,34.82,69.18,5,444,61,71518.68524400001,25,7.33,98,2025-08-14
P0958,StoreE,2.49,37.79,70.65,53.34,3,764,348,142410.51909000002,410,7.05,89,2025-08-15
P0959,StoreC,9.76,92.16,30.81,86.84,2,221,13,246577.80326400002,461,20.08,22,2025-08-16
P0960,StoreA,8.04,32.6,23.11,87.27,2,382,163,65747.99622,571,16.67,131,2025-08-17
P0961,StoreD,9.6,49.65,22.54,5.94,5,880,244,6647.51934,988,6.28,72,2025-08-18
P0962,StoreB,4.93,89.56,37.5,78.91,3,591,334,265019.235,417,17.37,117,2025-08-19
P0963,StoreB,1.19,72.23,45.85,48.77,5,6,7,161513.82803500004,357,13.13,133,2025-08-20
P0964,StoreE,5.52,10.91,83.94,98.94,4,271,153,90607.807476,383,15.4,93,2025-08-21
P0965,StoreC,4.6,18.99,16.39,50.91,2,738,35,15845.538951,809,9.45,0,2025-08-22
P0966,StoreB,8.46,5.74,74.82,98.76,5,15,47,42414.141168,158,13.29,125,2025-08-23
P0967,StoreA,1.07,64.94,55.49,76.68,2,423,84,276317.959608,569,1.0,192,2025-08-24
P0968,StoreE,4.93,47.53,32.35,28.62,3,523,27,44005.983210000006,433,16.8,81,2025-08-25
P0969,StoreD,1.59,17.76,51.82,56.15,1,802,195,51676.14768,48,5.8,32,2025-08-26
P0970,StoreE,3.31,96.0,33.49,99.25,5,752,207,319092.72,328,7.3,150,2025-08-27
P0971,StoreD,7.4,55.32,61.63,86.47,5,20,203,294808.36225199996,433,9.28,53,2025-08-28
P0972,StoreE,4.81,27.98,46.22,14.25,2,689,306,18428.6073,431,21.41,53,2025-08-29
P0973,StoreE,3.82,52.56,20.62,72.11,3,938,103,78151.89499200002,56,8.57,99,2025-08-30
P0974,StoreE,4.01,69.56,16.08,37.83,4,227,229,42313.793183999995,577,16.72,69,2025-08-31
P0975,StoreD,4.65,12.24,56.94,5.66,3,784,100,3944.712096,268,12.21,55,2025-09-01
P0976,StoreD,7.87,31.1,90.73,43.33,5,287,28,122264.39099000001,69,9.79,76,2025-09-02
P0977,StoreE,8.93,81.66,37.68,27.3,4,808,126,84000.70224,728,9.41,120,2025-09-03
P0978,StoreB,9.56,48.67,74.64,82.79,3,133,337,300753.61735200003,902,11.64,117,2025-09-04
P0979,StoreC,7.89,56.92,67.57,37.05,1,983,9,142497.42701999997,601,13.57,18,2025-09-05
P0980,StoreC,3.22,46.12,93.5,83.61,2,282,105,360544.71419999993,449,14.62,20,2025-09-06
P0981,StoreC,6.91,9.17,82.99,5.06,3,403,166,3850.7525979999996,793,11.1,39,2025-09-07
P0982,StoreD,4.43,20.75,58.83,34.24,3,664,256,41797.5384,257,9.67,34,2025-09-08
P0983,StoreD,2.62,47.33,67.42,27.91,1,65,294,89060.491826,672,6.9,30,2025-09-09
P0984,StoreB,8.42,24.87,90.35,27.19,5,648,276,61096.052355,490,8.24,171,2025-09-10
P0985,StoreC,0.48,9.75,42.95,11.48,2,603,64,4807.393500000001,746,3.85,46,2025-09-11
P0986,StoreC,9.03,85.15,36.05,22.78,3,436,270,69926.79785,643,19.46,25,2025-09-12
P0987,StoreE,4.67,98.21,6.03,57.78,4,828,187,34217.680014,49,9.69,102,2025-09-13
P0988,StoreD,6.41,80.35,83.52,32.68,3,933,316,219309.98975999997,659,11.0,72,2025-09-14
P0989,StoreC,6.63,86.11,81.09,44.65,2,258,137,311775.764535,316,9.98,12,2025-09-15
P0990,StoreB,8.96,27.99,14.92,40.8,3,979,342,17038.52064,413,12.9,136,2025-09-16
P0991,StoreB,6.4,96.26,59.8,88.21,1,965,104,507767.45707999996,434,15.06,168,2025-09-17
P0992,StoreC,6.18,23.71,49.08,91.0,3,102,33,105895.4988,2,10.66,3,2025-09-18
P0993,StoreD,0.76,95.39,16.28,51.83,3,992,109,80489.357036,841,11.28,78,2025-09-19
P0994,StoreB,5.23,99.51,98.15,36.36,4,566,32,355124.72034000006,952,19.71,195,2025-09-20
P0995,StoreE,1.59,72.61,25.4,15.15,1,768,353,27941.054099999998,145,6.7,42,2025-09-21
P0996,StoreB,7.4,98.21,11.39,95.57,1,100,230,106905.73928299997,956,11.5,83,2025-09-22
P0997,StoreA,5.17,59.11,61.51,10.72,3,197,316,38976.377392,366,15.79,90,2025-09-23
P0998,StoreA,6.83,29.66,75.19,33.28,4,812,265,74218.90611200001,420,20.9,206,2025-09-24
P0999,StoreD,0.51,46.51,8.08,33.32,3,225,181,12521.682655999999,573,4.04,36,2025-09-25
P1000,StoreC,0.94,61.39,67.58,35.44,3,942,339,147031.21092800001,785,1.97,54,2025-09-26
